,,,,,,,,,,,,txtTitle
,,,,,,,,,,,,ระบบบัญชี
repName,repCode,xpdate,PREPAYMENTDATE,xLINKTYPE,PREPAYMENTCODE,txtREFERNAME,ACCOUNTID,Text73,drsum,crsum,Text55,
,,ประเภท 03DH : ตรวจรับ (รายได้),,,,,,,,,,
,,,,,,,,,,,,
,,,1/8/2020,ซื้อ/จ้าง : D03631130766,03DH635093,401168บริษัท ซิลลิค ฟาร์มา จำกัด,50304020331,ค่ายาและเวชภัณฑ์ อวัยวะเทียม-จากเงินรายได้ฯ,506752, ,สัญญาเลขที่ พวช.ภ.0343/63-65 งวดที่ 9 ค่ายา ตามใบแจ้งหนี้ เลขที่ 1165874451,
,,,,,,,20101010101,    เจ้าหนี้ค่าสินค้าและบริการ, ,506752,,
,,,1/8/2020,ซื้อ/จ้าง : D03631130767,03DH635094,402428บริษัท ไวทอล เมด จำกัด,20101010101,    เจ้าหนี้ค่าสินค้าและบริการ, ,147660,สัญญาเลขที่ พวช.ภ.0319/63-65 งวดที่ 5 ค่ายา ตามใบแจ้งหนี้ เลขที่ 7400202194,
,,,,,,,50304020331,ค่ายาและเวชภัณฑ์ อวัยวะเทียม-จากเงินรายได้ฯ,147660, ,,
,,,1/8/2020,ซื้อ/จ้าง : D03631130768,03DH635095,401169บริษัท ดีเคเอสเอช (ประเทศไทย) จำกัด,20101010101,    เจ้าหนี้ค่าสินค้าและบริการ, ,757067.8,สัญญาเลขที่ พวช.ภ.0342/63-65 งวดที่ 10-11 ค่ายา ตามใบแจ้งหนี้ จำนวน 2 ฉบับ เลขที่ 5332121611 / 5332131606,
,,,,,,,50304020331,ค่ายาและเวชภัณฑ์ อวัยวะเทียม-จากเงินรายได้ฯ,757067.8, ,,
,,,1/8/2020,ซื้อ/จ้าง : D03631130770,03DH635096,401168บริษัท ซิลลิค ฟาร์มา จำกัด,20101010101,    เจ้าหนี้ค่าสินค้าและบริการ, ,264910.6,สัญญาเลขที่ พวช.ภ.0364/63-65 งวดที่ 4 ค่ายา ตามใบแจ้งหนี้ เลขที่ 1165877016,
,,,,,,,50304020331,ค่ายาและเวชภัณฑ์ อวัยวะเทียม-จากเงินรายได้ฯ,264910.6, ,,
,,,1/8/2020,ซื้อ/จ้าง : D03631130772,03DH635097,401169บริษัท ดีเคเอสเอช (ประเทศไทย) จำกัด,20101010101,    เจ้าหนี้ค่าสินค้าและบริการ, ,49819.2,สัญญาเลขที่ พวช.ภ.0320/63-65 งวดที่ 9 ค่ายา ตามใบแจ้งหนี้ เลขที่ 5332103180,
,,,,,,,50304020331,ค่ายาและเวชภัณฑ์ อวัยวะเทียม-จากเงินรายได้ฯ,49819.2, ,,
,,,1/8/2020,ซื้อ/จ้าง : D03631130775,03DH635098,401168บริษัท ซิลลิค ฟาร์มา จำกัด,20101010101,    เจ้าหนี้ค่าสินค้าและบริการ, ,89623.2,สัญญาเลขที่ พวช.ภ.0321/63-65 งวดที่ 9 ค่ายา ตามใบแจ้งหนี้ เลขที่ 1165872967,
,,,,,,,50304020331,ค่ายาและเวชภัณฑ์ อวัยวะเทียม-จากเงินรายได้ฯ,89623.2, ,,
,,,1/8/2020,ซื้อ/จ้าง : D03631130778,03DH635099,401168บริษัท ซิลลิค ฟาร์มา จำกัด,20101010101,    เจ้าหนี้ค่าสินค้าและบริการ, ,52965,สัญญาเลขที่ พวช.ภ.0322/63-65 งวดที่ 10 ค่ายา ตามใบแจ้งหนี้ เลขที่ 1165869545,
,,,,,,,50304020331,ค่ายาและเวชภัณฑ์ อวัยวะเทียม-จากเงินรายได้ฯ,52965, ,,
,,,1/8/2020,ซื้อ/จ้าง : D03631130779,03DH635100,401168บริษัท ซิลลิค ฟาร์มา จำกัด,20101010101,    เจ้าหนี้ค่าสินค้าและบริการ, ,216675,สัญญาเลขที่ พวช.ภ.0339/63-65 งวดที่ 4 ค่ายา ตามใบแจ้งหนี้ เลขที่ 1165869761,
,,,,,,,50304020331,ค่ายาและเวชภัณฑ์ อวัยวะเทียม-จากเงินรายได้ฯ,216675, ,,
,,,1/8/2020,ซื้อ/จ้าง : D03631130780,03DH635101,401152ร้านนิธิวัฒน์,20101010101,    เจ้าหนี้ค่าสินค้าและบริการ, ,176336,จัดซื้อวัสดุ จำนวน 10 รายการ,
,,,,,,,50304020307,ค่าวัสดุงานบ้านงานครัว-จากเงินรายได้ฯ,176336, ,,
,,,1/8/2020,ซื้อ/จ้าง : D0363120787,03DH635102,402994ห้างหุ้นส่วนจำกัดวินเซ็นต์ ดีไซน์ (กรุงเทพ),20101010101,    เจ้าหนี้ค่าสินค้าและบริการ, ,104860,จ้างเหมาปรับปรุงท่อน้ำเครื่องนึ่ง จำนวน 1 งาน,
,,,,,,,50304020202,ค่าบำรุงรักษาและซ่อมแซมครุภัณฑ์และทรัพย์สิน-จากเงินรายได้ฯ,104860, ,,
,,,1/8/2020,ซื้อ/จ้าง : D03631130781,03DH635103,402391บริษัทควอลิฟาย กรุ๊ป จำกัด,20101010101,    เจ้าหนี้ค่าสินค้าและบริการ, ,145375,ค่าวัสดุวิทยาศาสตร์ จำนวน 2 รายการ PO.0120/63#5103,
,,,,,,,50304020309,ค่าวัสดุวิทยาศาสตร์ทางการแพทย์-จากเงินรายได้ฯ,145375, ,,
,,,1/8/2020,ซื้อ/จ้าง : D03631130782,03DH635104,401169บริษัท ดีเคเอสเอช (ประเทศไทย) จำกัด,20101010101,    เจ้าหนี้ค่าสินค้าและบริการ, ,29960,ค่าวัสดุวิทยาศาสตร์ จำนวน 1 รายการ  PO. 0137/63 #5104,
,,,,,,,50304020309,ค่าวัสดุวิทยาศาสตร์ทางการแพทย์-จากเงินรายได้ฯ,29960, ,,
,,,1/8/2020,ซื้อ/จ้าง : D03631130783,03DH635105,402903บริษัทไทย เมด-เทค จำกัด,50304020331,ค่ายาและเวชภัณฑ์ อวัยวะเทียม-จากเงินรายได้ฯ,48536, ,ค่าอวัยวะเทียม จำนวน 1 รายการ  3C17-07/2563#5105,
,,,,,,,20101010101,    เจ้าหนี้ค่าสินค้าและบริการ, ,48536,,
,,,1/8/2020,ซื้อ/จ้าง : D03631130784,03DH635106,402266บริษัทแอ๊บบอต เมดิคัล (ประเทศไทย) จำกัด,20101010101,    เจ้าหนี้ค่าสินค้าและบริการ, ,97200,ค่าอวัยวะเทียม จำนวน 1 รายการ  3C156-08/2563 #5106,
,,,,,,,50304020331,ค่ายาและเวชภัณฑ์ อวัยวะเทียม-จากเงินรายได้ฯ,97200, ,,
,,,,,,,,,,,,txtTitle
,,,,,,,,,,,,ระบบบัญชี
,,ประเภท 03DH : ตรวจรับ (รายได้),,,,,,,,,,
,,,,,,,,,,,,
,,,2/8/2020,ซื้อ/จ้าง : D03631130785,03DH635107,401168บริษัท ซิลลิค ฟาร์มา จำกัด,20101010101,    เจ้าหนี้ค่าสินค้าและบริการ, ,11553.88,สัญญาเลขที่ พวช.ภ.0309/63-65 งวดที่ 3 ค่ายา ตามใบแจ้งหนี้ เลขที่ 1165870158,
,,,,,,,50304020331,ค่ายาและเวชภัณฑ์ อวัยวะเทียม-จากเงินรายได้ฯ,11553.88, ,,
,,,2/8/2020,ซื้อ/จ้าง : D03631130786,03DH635108,402903บริษัทไทย เมด-เทค จำกัด,20101010101,    เจ้าหนี้ค่าสินค้าและบริการ, ,21776,ค่าอวัยวะเทียม จำนวน 1 รายการ  3C19-08/2563#5108,
,,,,,,,50304020331,ค่ายาและเวชภัณฑ์ อวัยวะเทียม-จากเงินรายได้ฯ,21776, ,,
,,,2/8/2020,ซื้อ/จ้าง : D03631130787,03DH635109,401169บริษัท ดีเคเอสเอช (ประเทศไทย) จำกัด,20101010101,    เจ้าหนี้ค่าสินค้าและบริการ, ,44319.4,สัญญาเลขที่ พวช.ภ.0303/63-65 งวดที่ 1 ค่ายา ตามใบแจ้งหนี้ เลขที่ 5332114253,
,,,,,,,50304020331,ค่ายาและเวชภัณฑ์ อวัยวะเทียม-จากเงินรายได้ฯ,44319.4, ,,
,,,2/8/2020,ซื้อ/จ้าง : D03631130788,03DH635110,401205บริษัท บี.เอ็ล.ฮั้ว จำกัด,20101010101,    เจ้าหนี้ค่าสินค้าและบริการ, ,198042,สัญญาเลขที่ พวช.ภ.0366/63-65 งวดที่ 2 ค่ายา ตามใบแจ้งหนี้ เลขที่ 63023387,
,,,,,,,50304020331,ค่ายาและเวชภัณฑ์ อวัยวะเทียม-จากเงินรายได้ฯ,198042, ,,
,,,2/8/2020,ซื้อ/จ้าง : D03631130790,03DH635112,402392บริษัทแอ๊บบอต ลาบอแรตอรีส จำกัด,20101010101,    เจ้าหนี้ค่าสินค้าและบริการ, ,31200,ค่าอวัยวะเทียม จำนวน 1 รายการ  3C38-08/2563#5112,
,,,,,,,50304020331,ค่ายาและเวชภัณฑ์ อวัยวะเทียม-จากเงินรายได้ฯ,31200, ,,
,,,2/8/2020,ซื้อ/จ้าง : D03631130791,03DH635113,401168บริษัท ซิลลิค ฟาร์มา จำกัด,20101010101,    เจ้าหนี้ค่าสินค้าและบริการ, ,941025,สัญญาเลขที่ พวช.ภ.0335/63-65 งวดที่ 8 ค่ายา  ตามใบแจ้งหนี้ เลขที่ 1165877603,
,,,,,,,50304020331,ค่ายาและเวชภัณฑ์ อวัยวะเทียม-จากเงินรายได้ฯ,941025, ,,
,,,2/8/2020,ซื้อ/จ้าง : D0363120788,03DH635114,401560บริษัทแบงเทรดดิ้ง 1992 จำกัด,50304020235,ค่าบำรุงรักษาและซ่อมแซมครุภัณฑ์ทางการแพทย์-จากเงินรายได้ฯ,4440.5, ,จ้างเหมาบริการบำรุงรักษาและซ่อมแซมแก้ไขเครื่องกรองน้ำบริสุทธิ์ งวดที่ 4 (สุดท้าย),
,,,,,,,20101010101,    เจ้าหนี้ค่าสินค้าและบริการ, ,4440.5,,
,,,2/8/2020,ซื้อ/จ้าง : D03631130792,03DH635115,401169บริษัท ดีเคเอสเอช (ประเทศไทย) จำกัด,20101010101,    เจ้าหนี้ค่าสินค้าและบริการ, ,350692.5,สัญญาเลขที่ พวช.ภ.0365/63-65 งวดที่ 3 ค่ายา ตามใบแจ้งหนี้ เลขที่ 5332121081,
,,,,,,,50304020331,ค่ายาและเวชภัณฑ์ อวัยวะเทียม-จากเงินรายได้ฯ,350692.5, ,,
,,,2/8/2020,ซื้อ/จ้าง : D03631130793,03DH635116,401169บริษัท ดีเคเอสเอช (ประเทศไทย) จำกัด,20101010101,    เจ้าหนี้ค่าสินค้าและบริการ, ,58357.8,สัญญาเลขที่ พวช.ภ.0374/63-65 งวดที่ 2 ค่ายา ตามใบแจ้งหนี้ เลขที่ 5332121442 A,
,,,,,,,50304020331,ค่ายาและเวชภัณฑ์ อวัยวะเทียม-จากเงินรายได้ฯ,58357.8, ,,
,,,2/8/2020,ซื้อ/จ้าง : D03631130794,03DH635117,402392บริษัทแอ๊บบอต ลาบอแรตอรีส จำกัด,20101010101,    เจ้าหนี้ค่าสินค้าและบริการ, ,2600,ค่าอวัยวะเทียม จำนวน 1 รายการ  3C51-08/2563#5117,
,,,,,,,50304020331,ค่ายาและเวชภัณฑ์ อวัยวะเทียม-จากเงินรายได้ฯ,2600, ,,
,,,2/8/2020,ซื้อ/จ้าง : D0363120789,03DH635118,401740บริษัทซิสเต็ม เอส จำกัด,20101010101,    เจ้าหนี้ค่าสินค้าและบริการ, ,55066.67,จ้างเหมาบริการบำรุงรักษาและซ่อมแซมแก้ไขระบบสื่อประชาสัมพันธ์อิเล็กทรอนิกส์ (Digital signage) งวดที่ 2,
,,,,,,,50304020214,ค่าบริการบำรุงรักษาระบบเทคโนโลยีสารสนเทศ-จากเงินรายได้ฯ,55066.67, ,,
,,,2/8/2020,ซื้อ/จ้าง : D03631130796,03DH635119,402392บริษัทแอ๊บบอต ลาบอแรตอรีส จำกัด,20101010101,    เจ้าหนี้ค่าสินค้าและบริการ, ,230000,ค่าอวัยวะเทียม จำนวน 1 รายการ  1C29-08/2563 #5119,
,,,,,,,50304020331,ค่ายาและเวชภัณฑ์ อวัยวะเทียม-จากเงินรายได้ฯ,230000, ,,
,,,2/8/2020,ซื้อ/จ้าง : D03631130797,03DH635120,402690บริษัทดาต้าสโคป จำกัด,20101010101,    เจ้าหนี้ค่าสินค้าและบริการ, ,420000,ค่าอวัยวะเทียม จำนวน 1 รายการ 3C239-02/2563 #5120,
,,,,,,,50304020331,ค่ายาและเวชภัณฑ์ อวัยวะเทียม-จากเงินรายได้ฯ,420000, ,,
,,,2/8/2020,ซื้อ/จ้าง : D03631130800,03DH635122,401168บริษัท ซิลลิค ฟาร์มา จำกัด,20101010101,    เจ้าหนี้ค่าสินค้าและบริการ, ,379636,สัญญาเลขที่ พวช.ภ.0354/63-65 งวดที่ 2-4 ค่ายา ตามใบแจ้งหนี้ เลขที่ 1165758200 / 1165793377 / 1165809497 / 1165860412,
,,,,,,,50304020331,ค่ายาและเวชภัณฑ์ อวัยวะเทียม-จากเงินรายได้ฯ,379636, ,,
,,,,,,,,,,,,txtTitle
,,,,,,,,,,,,ระบบบัญชี
,,ประเภท 03DH : ตรวจรับ (รายได้),,,,,,,,,,
,,,,,,,,,,,,
,,,2/8/2020,ซื้อ/จ้าง : D03631130799,03DH635123,401190บริษัทบอสตัน ไซเอนทิฟิค (ประเทศไทย) จำกัด,50304020331,ค่ายาและเวชภัณฑ์ อวัยวะเทียม-จากเงินรายได้ฯ,774000, ,ค่าอวัยวะเทียม จำนวน 3 รายการ 3C140-01/2563#5123,
,,,,,,,20101010101,    เจ้าหนี้ค่าสินค้าและบริการ, ,774000,,
,,,2/8/2020,ซื้อ/จ้าง : D03631130801,03DH635124,401049บริษัทจอห์นสัน แอนด์ จอห์นสัน (ไทย) จำกัด,20101010101,    เจ้าหนี้ค่าสินค้าและบริการ, ,157290,ค่าเวชภัณฑ์ที่มิใช่ยา จำนวน 2 รายการ 3C295-01/2563 #5124,
,,,,,,,50304020331,ค่ายาและเวชภัณฑ์ อวัยวะเทียม-จากเงินรายได้ฯ,157290, ,,
,,,2/8/2020,ซื้อ/จ้าง : D03631130802,03DH635125,401326บริษัทไลออน อินเตอร์เมด จำกัด,20101010101,    เจ้าหนี้ค่าสินค้าและบริการ, ,114000,ค่าอวัยวะเทียมจำนวน 1 รายการ 3C293-01/2563 #5125,
,,,,,,,50304020331,ค่ายาและเวชภัณฑ์ อวัยวะเทียม-จากเงินรายได้ฯ,114000, ,,
,,,2/8/2020,ซื้อ/จ้าง : D03631130803,03DH635126,401169บริษัท ดีเคเอสเอช (ประเทศไทย) จำกัด,20101010101,    เจ้าหนี้ค่าสินค้าและบริการ, ,46994.4,ค่าเวชภัณฑ์ที่มิใช่ยา จำนวน 2 รายการ 3C280-01/2563 #5126,
,,,,,,,50304020331,ค่ายาและเวชภัณฑ์ อวัยวะเทียม-จากเงินรายได้ฯ,46994.4, ,,
,,,2/8/2020,ซื้อ/จ้าง : D03631130805,03DH635127,401190บริษัทบอสตัน ไซเอนทิฟิค (ประเทศไทย) จำกัด,20101010101,    เจ้าหนี้ค่าสินค้าและบริการ, ,190779,ค่าอวัยวะเทียมจำนวน 3 รายการ 3C184-04/2563#5127,
,,,,,,,50304020331,ค่ายาและเวชภัณฑ์ อวัยวะเทียม-จากเงินรายได้ฯ,190779, ,,
,,,2/8/2020,ซื้อ/จ้าง : D03631130806,03DH635128,401175บริษัท ไพรม์ เมดิคอล จำกัด,20101010101,    เจ้าหนี้ค่าสินค้าและบริการ, ,45000,ค่าอวัยวะเทียมจำนวน 2 รายการ 3C181-02/2563 #5128,
,,,,,,,50304020331,ค่ายาและเวชภัณฑ์ อวัยวะเทียม-จากเงินรายได้ฯ,45000, ,,
,,,2/8/2020,ซื้อ/จ้าง : D03631130807,03DH635129,402486บริษัทเมดิคอล โซลูชั่นส์ จำกัด,20101010101,    เจ้าหนี้ค่าสินค้าและบริการ, ,10000,ค่าอวัยวะเทียมจำนวน 1 รายการ 3C210-02/2563 #5129,
,,,,,,,50304020331,ค่ายาและเวชภัณฑ์ อวัยวะเทียม-จากเงินรายได้ฯ,10000, ,,
,,,2/8/2020,ซื้อ/จ้าง : D03631130808,03DH635130,401190บริษัทบอสตัน ไซเอนทิฟิค (ประเทศไทย) จำกัด,20101010101,    เจ้าหนี้ค่าสินค้าและบริการ, ,176764,ค่าอวัยวะเทียมจำนวน 2 รายการ 3C291-01/2563 #5130,
,,,,,,,50304020331,ค่ายาและเวชภัณฑ์ อวัยวะเทียม-จากเงินรายได้ฯ,176764, ,,
,,,2/8/2020,ซื้อ/จ้าง : D03631130809,03DH635131,401190บริษัทบอสตัน ไซเอนทิฟิค (ประเทศไทย) จำกัด,20101010101,    เจ้าหนี้ค่าสินค้าและบริการ, ,829100,ค่าอวัยวะเทียมจำนวน 5 รายการ 3C230-02/2563 #5131,
,,,,,,,50304020331,ค่ายาและเวชภัณฑ์ อวัยวะเทียม-จากเงินรายได้ฯ,829100, ,,
,,,2/8/2020,ซื้อ/จ้าง : D03631130810,03DH635132,401190บริษัทบอสตัน ไซเอนทิฟิค (ประเทศไทย) จำกัด,20101010101,    เจ้าหนี้ค่าสินค้าและบริการ, ,373500,ค่าอวัยวะเทียมจำนวน 4 รายการ 3C230-03/2563 #5132,
,,,,,,,50304020331,ค่ายาและเวชภัณฑ์ อวัยวะเทียม-จากเงินรายได้ฯ,373500, ,,
,,,2/8/2020,ซื้อ/จ้าง : D03631130813,03DH635133,401169บริษัท ดีเคเอสเอช (ประเทศไทย) จำกัด,50304020331,ค่ายาและเวชภัณฑ์ อวัยวะเทียม-จากเงินรายได้ฯ,178262, ,ค่าอวัยวะเทียมจำนวน 2 รายการ 3C193-01/2563#5133,
,,,,,,,20101010101,    เจ้าหนี้ค่าสินค้าและบริการ, ,178262,,
,,,2/8/2020,ซื้อ/จ้าง : D03631130814,03DH635134,402445บริษัทโนเบิลเมดิซีน จำกัด,50304020331,ค่ายาและเวชภัณฑ์ อวัยวะเทียม-จากเงินรายได้ฯ,19200, ,ค่าเวชภัณฑ์ที่มิใช่ยาจำนวน 1 รายการ PO.0453 /63 #5134,
,,,,,,,20101010101,    เจ้าหนี้ค่าสินค้าและบริการ, ,19200,,
,,,2/8/2020,ซื้อ/จ้าง : D03631130818,03DH635136,401169บริษัท ดีเคเอสเอช (ประเทศไทย) จำกัด,20101010101,    เจ้าหนี้ค่าสินค้าและบริการ, ,324210,ค่าอวัยวะเทียมจำนวน 1 รายการ 3C89-03/2563 #5136,
,,,,,,,50304020331,ค่ายาและเวชภัณฑ์ อวัยวะเทียม-จากเงินรายได้ฯ,324210, ,,
,,,3/8/2020,ซื้อ/จ้าง : D03631130819,03DH635137,401169บริษัท ดีเคเอสเอช (ประเทศไทย) จำกัด,20101010101,    เจ้าหนี้ค่าสินค้าและบริการ, ,20877.84,ค่าอวัยวะเทียมจำนวน 1 รายการ 3C21-03/2563 #5137,
,,,,,,,50304020331,ค่ายาและเวชภัณฑ์ อวัยวะเทียม-จากเงินรายได้ฯ,20877.84, ,,
,,,,,,,,,,,,txtTitle
,,,,,,,,,,,,ระบบบัญชี
,,ประเภท 03DH : ตรวจรับ (รายได้),,,,,,,,,,
,,,,,,,,,,,,
,,,3/8/2020,ซื้อ/จ้าง : D03631130820,03DH635138,401169บริษัท ดีเคเอสเอช (ประเทศไทย) จำกัด,50304020331,ค่ายาและเวชภัณฑ์ อวัยวะเทียม-จากเงินรายได้ฯ,118128, ,ค่าอวัยวะเทียมจำนวน 1 รายการ 1C22-03/2563 #5138,
,,,,,,,20101010101,    เจ้าหนี้ค่าสินค้าและบริการ, ,118128,,
,,,3/8/2020,ซื้อ/จ้าง : D03631130822,03DH635140,401163บริษัทเดรเกอร์ เมดิคัล (ประเทศไทย) จำกัด,20101010101,    เจ้าหนี้ค่าสินค้าและบริการ, ,10272,ซื้อวาล์วปรับแรงดัน จำนวน 1 ชิ้น,
,,,,,,,50304020309,ค่าวัสดุวิทยาศาสตร์ทางการแพทย์-จากเงินรายได้ฯ,10272, ,,
,,,3/8/2020,ซื้อ/จ้าง : D03631130823,03DH635141,401128บริษัทที.โอ.พี.โซน จำกัด,20101010101,    เจ้าหนี้ค่าสินค้าและบริการ, ,99500,ซื้ออุปกรณ์ทางทันตกรรม จำนวน 4 รายการ,
,,,,,,,50304020309,ค่าวัสดุวิทยาศาสตร์ทางการแพทย์-จากเงินรายได้ฯ,99500, ,,
,,,3/8/2020,ซื้อ/จ้าง : D0363120793,03DH635143,402980บริษัทโฆสิตการพิมพ์ จำกัด,20101010101,    เจ้าหนี้ค่าสินค้าและบริการ, ,24250,จ้างเหมาพิมพ์หนังสือการใส่และดูแลสายสวนหลอดเลือด จำนวน 97 เล่ม,
,,,,,,,50304020302,ค่าวัสดุสำนักงาน-จากเงินรายได้ฯ,24250, ,,
,,,3/8/2020,ซื้อ/จ้าง : D03631130825,03DH635144,401799บริษัทลินเด้ (ประเทศไทย) จำกัด (มหาชน),50304020309,ค่าวัสดุวิทยาศาสตร์ทางการแพทย์-จากเงินรายได้ฯ,14511.34, ,จัดซื้อแก๊สทางการแพทย์ชนิดบรรจุท่อ จำนวน 5 รายการ  (งวดที่ 2),
,,,,,,,20101010101,    เจ้าหนี้ค่าสินค้าและบริการ, ,14511.34,,
,,,3/8/2020,ซื้อ/จ้าง : D03631130826,03DH635145,401186บริษัทโอเร็กซ์ เทรดดิ้ง จำกัด,50304020309,ค่าวัสดุวิทยาศาสตร์ทางการแพทย์-จากเงินรายได้ฯ,230650, ,ซื้อวัสดุทางการแพทย์ จำนวน 2 รายการ,
,,,,,,,20101010101,    เจ้าหนี้ค่าสินค้าและบริการ, ,230650,,
,,,3/8/2020,ซื้อ/จ้าง : D03631130827,03DH635146,401869บริษัทเมดโฟกัส จำกัด,20101010101,    เจ้าหนี้ค่าสินค้าและบริการ, ,36000,ซื้อกระดาษปริ้นผลการตรวจอัลต้าซาวด์ จำนวน 30 ม้วน,
,,,,,,,50304020309,ค่าวัสดุวิทยาศาสตร์ทางการแพทย์-จากเงินรายได้ฯ,36000, ,,
,,,3/8/2020,ซื้อ/จ้าง : D0363120798,03DH635147,401543บริษัทซิสเต็ม เอส จำกัด,20101010101,    เจ้าหนี้ค่าสินค้าและบริการ, ,155150,จ้างเหมาพิมพ์สติ๊กเกอร์ติดซองยา จำนวน 1 รายการ งวดที่ 1,
,,,,,,,50304020302,ค่าวัสดุสำนักงาน-จากเงินรายได้ฯ,155150, ,,
,,,3/8/2020,ซื้อ/จ้าง : D03631130828,03DH635148,401237บริษัทพนาสวัสดิ์สหเวชกิจ จำกัด,50304020309,ค่าวัสดุวิทยาศาสตร์ทางการแพทย์-จากเงินรายได้ฯ,551460, ,ซื้อกระดาษพิมพ์ผลการตรวจวิเคราะห์ของเครี่องมือแพทย์ จำนวน 10 รายการ งวดที่ 1,
,,,,,,,20101010101,    เจ้าหนี้ค่าสินค้าและบริการ, ,551460,,
,,,3/8/2020,ซื้อ/จ้าง : D03631130829,03DH635149,401293บริษัทโมเดอร์น พริ้นเทค แอนด์ เลเบิ้ล จำกัด,20101010101,    เจ้าหนี้ค่าสินค้าและบริการ, ,114757.5,จัดซื้อวัสดุสำนักงาน จำนวน 1 รายการ,
,,,,,,,50304020302,ค่าวัสดุสำนักงาน-จากเงินรายได้ฯ,114757.5, ,,
,,,3/8/2020,ซื้อ/จ้าง : D03631130832,03DH635151,401169บริษัท ดีเคเอสเอช (ประเทศไทย) จำกัด,20101010101,    เจ้าหนี้ค่าสินค้าและบริการ, ,128400,ค่ายา งวดที่ 5 ตามใบแจ้งหนี้ เลขที่ 5332103325,
,,,,,,,50304020331,ค่ายาและเวชภัณฑ์ อวัยวะเทียม-จากเงินรายได้ฯ,128400, ,,
,,,3/8/2020,ซื้อ/จ้าง : D03631130834,03DH635152,401152ร้านนิธิวัฒน์,20101010101,    เจ้าหนี้ค่าสินค้าและบริการ, ,194853.42,จัดซื้อวัสดุงานบ้านงานครัว จำนวน 15 รายการ,
,,,,,,,50304020307,ค่าวัสดุงานบ้านงานครัว-จากเงินรายได้ฯ,194853.42, ,,
,,,3/8/2020,ซื้อ/จ้าง : D03631130835,03DH635153,401344บริษัทวี.แอนด์.วี. กรุงเทพฯ จำกัด,50304020331,ค่ายาและเวชภัณฑ์ อวัยวะเทียม-จากเงินรายได้ฯ,40800, ,สัญญาเลขที่ พวช.ภ.0349/63-65 งวดที่ 5 ตามใบแจ้งหนี้เลขที่ 8100226842,
,,,,,,,20101010101,    เจ้าหนี้ค่าสินค้าและบริการ, ,40800,,
,,,3/8/2020,ซื้อ/จ้าง : D03631130836,03DH635154,402388บริษัท เมดติจูด จำกัด,50304020331,ค่ายาและเวชภัณฑ์ อวัยวะเทียม-จากเงินรายได้ฯ,310835, ,สัญญาเลขที่ พวช.ภ.0333/63-65 งวดที่ 4 ตามใบแจ้งหนี้เลขที่ MT20/0753,
,,,,,,,20101010101,    เจ้าหนี้ค่าสินค้าและบริการ, ,310835,,
,,,,,,,,,,,,txtTitle
,,,,,,,,,,,,ระบบบัญชี
,,ประเภท 03DH : ตรวจรับ (รายได้),,,,,,,,,,
,,,,,,,,,,,,
,,,3/8/2020,ซื้อ/จ้าง : D03631130837,03DH635155,401344บริษัทวี.แอนด์.วี. กรุงเทพฯ จำกัด,20101010101,    เจ้าหนี้ค่าสินค้าและบริการ, ,60000,สัญญาเลขที่ พวช.ภ.0349/63-65 งวดที่ 6 ตามใบแจ้งหนี้เลขที่ 8100233853,
,,,,,,,50304020331,ค่ายาและเวชภัณฑ์ อวัยวะเทียม-จากเงินรายได้ฯ,60000, ,,
,,,3/8/2020,ซื้อ/จ้าง : D03631130838,03DH635156,401168บริษัท ซิลลิค ฟาร์มา จำกัด,20101010101,    เจ้าหนี้ค่าสินค้าและบริการ, ,291530,สัญญาเลขที่ พวช.ภ.0350/63-65 งวดที่ 5 ตามใบแจ้งหนี้เลขที่ 1165869162,
,,,,,,,50304020331,ค่ายาและเวชภัณฑ์ อวัยวะเทียม-จากเงินรายได้ฯ,291530, ,,
,,,3/8/2020,ซื้อ/จ้าง : D03631130839,03DH635157,401169บริษัท ดีเคเอสเอช (ประเทศไทย) จำกัด,50304020331,ค่ายาและเวชภัณฑ์ อวัยวะเทียม-จากเงินรายได้ฯ,291682, ,สัญญาเลขที่ พวช.ภ.0360/63-65 งวดที่ 4 ตามใบแจ้งหนี้เลขที่ 5332113727A,
,,,,,,,20101010101,    เจ้าหนี้ค่าสินค้าและบริการ, ,291682,,
,,,3/8/2020,ซื้อ/จ้าง : D03631130840,03DH635158,401169บริษัท ดีเคเอสเอช (ประเทศไทย) จำกัด,20101010101,    เจ้าหนี้ค่าสินค้าและบริการ, ,610542,สัญญาเลขที่ พวช.ภ.0360/63-65 งวดที่ 5 ตามใบแจ้งหนี้เลขที่ 5332143061,
,,,,,,,50304020331,ค่ายาและเวชภัณฑ์ อวัยวะเทียม-จากเงินรายได้ฯ,610542, ,,
,,,3/8/2020,ซื้อ/จ้าง : D03631130841,03DH635159,401168บริษัท ซิลลิค ฟาร์มา จำกัด,20101010101,    เจ้าหนี้ค่าสินค้าและบริการ, ,342400,สัญญาเลขที่ พวช.ภ.0362/63-65 งวดที่ 3 ตามใบแจ้งหนี้เลขที่ 1165856301,
,,,,,,,50304020331,ค่ายาและเวชภัณฑ์ อวัยวะเทียม-จากเงินรายได้ฯ,342400, ,,
,,,3/8/2020,ซื้อ/จ้าง : D03631130842,03DH635160,401168บริษัท ซิลลิค ฟาร์มา จำกัด,20101010101,    เจ้าหนี้ค่าสินค้าและบริการ, ,963000,สัญญาเลขที่ พวช.ภ.0362/63-65 งวดที่ 4 ตามใบแจ้งหนี้เลขที่ 1165877872,
,,,,,,,50304020331,ค่ายาและเวชภัณฑ์ อวัยวะเทียม-จากเงินรายได้ฯ,963000, ,,
,,,3/8/2020,ซื้อ/จ้าง : D03631130843,03DH635161,401168บริษัท ซิลลิค ฟาร์มา จำกัด,20101010101,    เจ้าหนี้ค่าสินค้าและบริการ, ,321276.4,สัญญาเลขที่ พวช.ภ.0368/63-65 งวดที่ 2 ตามใบแจ้งหนี้เลขที่ 1165865849,
,,,,,,,50304020331,ค่ายาและเวชภัณฑ์ อวัยวะเทียม-จากเงินรายได้ฯ,321276.4, ,,
,,,3/8/2020,ซื้อ/จ้าง : D03631130845,03DH635163,401168บริษัท ซิลลิค ฟาร์มา จำกัด,50304020331,ค่ายาและเวชภัณฑ์ อวัยวะเทียม-จากเงินรายได้ฯ,926127.8, ,สัญญาเลขที่ พวช.ภ.0372/63-65 งวดที่ 3 ตามใบแจ้งหนี้เลขที่ 1165865614,
,,,,,,,20101010101,    เจ้าหนี้ค่าสินค้าและบริการ, ,926127.8,,
,,,3/8/2020,ซื้อ/จ้าง : D03631130844,03DH635164,401129บริษัทเทคโนเมดิคัล จำกัด (มหาชน),20101010101,    เจ้าหนี้ค่าสินค้าและบริการ, ,25000,ค่าเวชภัณฑ์ที่มิใช่ยาจำนวน 1 รายการ PO.0338/63 #5164,
,,,,,,,50304020331,ค่ายาและเวชภัณฑ์ อวัยวะเทียม-จากเงินรายได้ฯ,25000, ,,
,,,3/8/2020,ซื้อ/จ้าง : D03631130846,03DH635165,401769บริษัทไอวีเอฟ เอนวายเมด จำกัด,20101010101,    เจ้าหนี้ค่าสินค้าและบริการ, ,166920,ค่าเวชภัณฑ์ที่มิใช่ยาจำนวน 2 รายการ 1C102-01/2563#5165,
,,,,,,,50304020331,ค่ายาและเวชภัณฑ์ อวัยวะเทียม-จากเงินรายได้ฯ,166920, ,,
,,,3/8/2020,ซื้อ/จ้าง : D03631130847,03DH635166,402336บริษัทฟีนิกซ์ เอ็กเซล จำกัด,20101010101,    เจ้าหนี้ค่าสินค้าและบริการ, ,85000,ค่าเวชภัณฑ์ที่มิใช่ยาจำนวน 1 รายการ PO.0060/63 #5166,
,,,,,,,50304020331,ค่ายาและเวชภัณฑ์ อวัยวะเทียม-จากเงินรายได้ฯ,85000, ,,
,,,4/8/2020,ซื้อ/จ้าง : D0363120799,03DH635167,401773บริษัทเด็กซ์ทรัส เอ็นจิเนียริ่ง จำกัด,20101010101,    เจ้าหนี้ค่าสินค้าและบริการ, ,1500000,จ้างเหมาตรวจสอบประสิทธิภาพการทำงานของของระบบแก๊สทางการแพทย์,
,,,,,,,50304020218,ค่าจ้างเหมาบริการ-จากเงินรายได้ฯ,1500000, ,,
,,,4/8/2020,ซื้อ/จ้าง : D0363120800,03DH635168,402562นายพิชัย ผลเขียว,20101010101,    เจ้าหนี้ค่าสินค้าและบริการ, ,80600,จ้างเหมารถตู้โดยสารพร้อมพนักงานขับรถและน้ำมันเชื้อเพลิง เดือนกรกฎาคม 2563,
,,,,,,,50304020245,ค่าใช้จ่ายในการจัดรถรับส่งบุคลากร-จากเงินรายได้ฯ,80600, ,,
,,,4/8/2020,ซื้อ/จ้าง : D0363120801,03DH635170,401108บริษัทดีทแฮล์ม เคลเลอร์ โลจิสติกส์ จำกัด,20101010101,    เจ้าหนี้ค่าสินค้าและบริการ, ,131000,จ้างเหมาซ่อมเครื่องมือทางการแพทย์(เครื่องมือผ่าตัดกล้องส่องกล้องภายในข้อ พร้อมอุปกรณ์)  จำนวน 1 เครื่อง,
,,,,,,,50304020235,ค่าบำรุงรักษาและซ่อมแซมครุภัณฑ์ทางการแพทย์-จากเงินรายได้ฯ,131000, ,,
,,,,,,,,,,,,txtTitle
,,,,,,,,,,,,ระบบบัญชี
,,ประเภท 03DH : ตรวจรับ (รายได้),,,,,,,,,,
,,,,,,,,,,,,
,,,4/8/2020,ซื้อ/จ้าง : D0363130047,03DH635171,402462ห้างหุ้นส่วนสามัญวิมมะลิ,20101010101,    เจ้าหนี้ค่าสินค้าและบริการ, ,550000,เบิกจ่ายค่าเช่าที่ดินพร้อมอาคารริมถนนสุโขทัย (MCC) เดือน กรกฎาคม 2563,
,,,,,,,50304020219,ค่าเช่าอาคาร-จากเงินรายได้ฯ,550000, ,,
,,,4/8/2020,ซื้อ/จ้าง : D0363130049,03DH635172,402231นายฐิติเดช วนาโรจน์,20101010101,    เจ้าหนี้ค่าสินค้าและบริการ, ,149500,เบิกจ่ายค่าเช่าหอพักชลทร จำนวน 23 ห้อง (เดือน กรกฎาคม 2563),
,,,,,,,50304020231,ค่าเช่าหอพัก-จากเงินรายได้ฯ,149500, ,,
,,,4/8/2020,ซื้อ/จ้าง : D03631130830,03DH635173,402990บริษัททรีท เมดิเซนซ์ จำกัด,20101010101,    เจ้าหนี้ค่าสินค้าและบริการ, ,56000,ซื้ออะไหล่ชุดไฟสวมศรีษะใช้ในการผ่าตัด จำนวน 2 รายการ,
,,,,,,,50304020309,ค่าวัสดุวิทยาศาสตร์ทางการแพทย์-จากเงินรายได้ฯ,56000, ,,
,,,4/8/2020,ซื้อ/จ้าง : D0363120802,03DH635174,402265บริษัทศูนย์พันธุศาสตร์การแพทย์ จำกัด,20101010101,    เจ้าหนี้ค่าสินค้าและบริการ, ,67500,จ้างเหมาเอกชนตรวจวิเคราะห์ทางพันธุกรรม งวด 2,
,,,,,,,50304020232,ค่าใช้จ่ายส่งตรวจทางห้องปฏิบัติการ-จากเงินรายได้ฯ,67500, ,,
,,,4/8/2020,ซื้อ/จ้าง : D0363120803,03DH635175,401031บริษัทคาร์ล ไซส์ส จำกัด,20101010101,    เจ้าหนี้ค่าสินค้าและบริการ, ,211845.25,จ้างเหมาบริการบำรุงรักษาและซ่อมแซมแก้ไขครุภัณฑ์การแพทย์ ยี่ห้อ Ziess จำนวน 9 เครื่อง งวด 2,
,,,,,,,50304020235,ค่าบำรุงรักษาและซ่อมแซมครุภัณฑ์ทางการแพทย์-จากเงินรายได้ฯ,211845.25, ,,
,,,4/8/2020,ซื้อ/จ้าง : D0363130050,03DH635176,402110บริษัท สบายพระราม 8 พร็อพเพอตี้ จำกัด,50304020231,ค่าเช่าหอพัก-จากเงินรายได้ฯ,779100, ,เบิกจ่ายค่าเช่าหอพักสบายดีพระราม 8 ประจำเดือน กรกฎาคม 2563,
,,,,,,,20101010101,    เจ้าหนี้ค่าสินค้าและบริการ, ,779100,,
,,,4/8/2020,ซื้อ/จ้าง : D0363120805,03DH635177,400007บริษัทเคียวเซร่า ด็อคคิวเม้นท์ โซลูชั่นส์ (ประเทศไทย) จำกัด,50304020218,ค่าจ้างเหมาบริการ-จากเงินรายได้ฯ,1063426.92, ,"จ้างเหมาบริการเครื่องถ่ายเอกสารพร้อมติดตั้ง งวดที่ 1 -9(ตค.62-มิย.63)//สำนักงานสภา11,220.65บาท//สนธ91,723บาท//คณะแพทยศาสตร์ฯ745,848.59บาท//คณะพยาบาลฯ136,741.26บาท//วิทยาลัยพัฒนามหานคร40,661.58บาท//วิทยาลัยพัฒนาชุมชนเมือง7,231.84บาท//คณวิทยฯ30,000บาท",
,,,,,,,20101010101,    เจ้าหนี้ค่าสินค้าและบริการ, ,1063426.92,,
,,,4/8/2020,ซื้อ/จ้าง : D0363120807,03DH635178,401095บริษัทโซวิค จำกัด,20101010101,    เจ้าหนี้ค่าสินค้าและบริการ, ,168000,จ้างเหมาบริการบำรุงรักษาและซ่อมแซมแก้ไขเครื่องช่วยหายใจ จำนวน 28 เครื่อง งวดที่ 2 (สุดท้าย),
,,,,,,,50304020235,ค่าบำรุงรักษาและซ่อมแซมครุภัณฑ์ทางการแพทย์-จากเงินรายได้ฯ,168000, ,,
,,,4/8/2020,ซื้อ/จ้าง : D0363120808,03DH635179,401095บริษัทโซวิค จำกัด,20101010101,    เจ้าหนี้ค่าสินค้าและบริการ, ,192000,จ้างเหมาบริการบำรุงรักษาและซ่อมแซมแก้ไขเครื่องมือทางการ จำนวน 36 เครื่อง งวดที่ 2 (สุดท้าย),
,,,,,,,50304020235,ค่าบำรุงรักษาและซ่อมแซมครุภัณฑ์ทางการแพทย์-จากเงินรายได้ฯ,192000, ,,
,,,4/8/2020,ซื้อ/จ้าง : D03631130848,03DH635180,401839บริษัทคอสม่า เทรดดิ้ง จำกัด,20101010101,    เจ้าหนี้ค่าสินค้าและบริการ, ,78000,ค่ายา 1 รายการ ตามใบแจ้งหนี้เลขที่ 310707401778,
,,,,,,,50304020331,ค่ายาและเวชภัณฑ์ อวัยวะเทียม-จากเงินรายได้ฯ,78000, ,,
,,,4/8/2020,ซื้อ/จ้าง : D0363120809,03DH635181,401400บริษัทอาฟต้า เซอร์วิส แอนด์ ซัพพลาย จำกัด,20101010101,    เจ้าหนี้ค่าสินค้าและบริการ, ,25000,จ้างเหมาบริการบำรุงรักษาและซ่อมแซมแก้ไขเครื่องมือทางการแพทย์ จำนวน 4 เครื่อง งวดที่ 2,
,,,,,,,50304020235,ค่าบำรุงรักษาและซ่อมแซมครุภัณฑ์ทางการแพทย์-จากเงินรายได้ฯ,25000, ,,
,,,4/8/2020,ซื้อ/จ้าง : D0363120810,03DH635182,402416บริษัทนิว ไลฟ์เมด จำกัด,20101010101,    เจ้าหนี้ค่าสินค้าและบริการ, ,93500,จ้างเหมาซ่อมชุดโคมไฟผ่าตัด ชนิดโคมคู่ 2 ดวง   จำนวน 1 เครื่อง,
,,,,,,,50304020235,ค่าบำรุงรักษาและซ่อมแซมครุภัณฑ์ทางการแพทย์-จากเงินรายได้ฯ,93500, ,,
,,,4/8/2020,ซื้อ/จ้าง : D0363120813,03DH635183,402057บริษัทธนูเทพ จำกัด,20101010101,    เจ้าหนี้ค่าสินค้าและบริการ, ,29835.88,จ้างเหมาเปลี่ยนอุปกรณ์ควบคุมปั๊มสูบน้ำฯ  จำนวน 1 งาน,
,,,,,,,50304020202,ค่าบำรุงรักษาและซ่อมแซมครุภัณฑ์และทรัพย์สิน-จากเงินรายได้ฯ,29835.88, ,,
,,,4/8/2020,ซื้อ/จ้าง : D0363120814,03DH635184,401557บริษัทวี.อาร์.เค เอ็นเตอร์ไพรส์ จำกัด,50304020202,ค่าบำรุงรักษาและซ่อมแซมครุภัณฑ์และทรัพย์สิน-จากเงินรายได้ฯ,18190, ,จ้างเหมาเปลี่ยนล้อทองเหลืองระบบมอเตอร์ระบบบำบัดน้ำเสียฯ จำนวน 1 งาน,
,,,,,,,20101010101,    เจ้าหนี้ค่าสินค้าและบริการ, ,18190,,
,,,,,,,,,,,,txtTitle
,,,,,,,,,,,,ระบบบัญชี
,,ประเภท 03DH : ตรวจรับ (รายได้),,,,,,,,,,
,,,,,,,,,,,,
,,,4/8/2020,ซื้อ/จ้าง : D0363120815,03DH635185,400007บริษัทเคียวเซร่า ด็อคคิวเม้นท์ โซลูชั่นส์ (ประเทศไทย) จำกัด,20101010101,    เจ้าหนี้ค่าสินค้าและบริการ, ,22977.21,จ้างเหมาบริการเครื่องถ่ายเอกสารพร้อมติดตั้ง (ของคณะวิทยาศาสตร์ฯ),
,,,,,,,50304020218,ค่าจ้างเหมาบริการ-จากเงินรายได้ฯ,22977.21, ,,
,,,4/8/2020,ซื้อ/จ้าง : D03631130852,03DH635187,401169บริษัท ดีเคเอสเอช (ประเทศไทย) จำกัด,20101010101,    เจ้าหนี้ค่าสินค้าและบริการ, ,77500,ค่าอวัยวะเทียมจำนวน 1 รายการ3C112-05/2563 #5187,
,,,,,,,50304020331,ค่ายาและเวชภัณฑ์ อวัยวะเทียม-จากเงินรายได้ฯ,77500, ,,
,,,4/8/2020,ซื้อ/จ้าง : D03631130853,03DH635188,401168บริษัท ซิลลิค ฟาร์มา จำกัด,20101010101,    เจ้าหนี้ค่าสินค้าและบริการ, ,282000,ค่าอวัยวะเทียมจำนวน 4 รายการ 3C111-05/2563 #5188,
,,,,,,,50304020331,ค่ายาและเวชภัณฑ์ อวัยวะเทียม-จากเงินรายได้ฯ,282000, ,,
,,,4/8/2020,ซื้อ/จ้าง : D03631130855,03DH635190,401367บริษัทสินสุขพลาสติก จำกัด,20101010101,    เจ้าหนี้ค่าสินค้าและบริการ, ,195000,จัดซื้อวัสดุงานบ้านงานครัว จำนวน 1 รายการ,
,,,,,,,50304020307,ค่าวัสดุงานบ้านงานครัว-จากเงินรายได้ฯ,195000, ,,
,,,5/8/2020,ซื้อ/จ้าง : D03631130856,03DH635191,401049บริษัทจอห์นสัน แอนด์ จอห์นสัน (ไทย) จำกัด,20101010101,    เจ้าหนี้ค่าสินค้าและบริการ, ,54000,ค่าอวัยวะเทียมจำนวน 1 รายการ 3C98-02/2563 #5191,
,,,,,,,50304020331,ค่ายาและเวชภัณฑ์ อวัยวะเทียม-จากเงินรายได้ฯ,54000, ,,
,,,5/8/2020,ซื้อ/จ้าง : D03631130857,03DH635192,401169บริษัท ดีเคเอสเอช (ประเทศไทย) จำกัด,20101010101,    เจ้าหนี้ค่าสินค้าและบริการ, ,40125,ค่าอวัยวะเทียมจำนวน 1 รายการ PO.0536/63 #5192,
,,,,,,,50304020331,ค่ายาและเวชภัณฑ์ อวัยวะเทียม-จากเงินรายได้ฯ,40125, ,,
,,,5/8/2020,ซื้อ/จ้าง : D03631130858,03DH635193,402078บริษัท บีเจเอช เมดิคอล จำกัด,20101010101,    เจ้าหนี้ค่าสินค้าและบริการ, ,34000,ค่าอวัยวะเทียมจำนวน 1 รายการ PO.0553/63 #5193,
,,,,,,,50304020331,ค่ายาและเวชภัณฑ์ อวัยวะเทียม-จากเงินรายได้ฯ,34000, ,,
,,,5/8/2020,ซื้อ/จ้าง : D03631130859,03DH635194,401264บริษัทฟีนิกซ์ เซอร์จิคัล อิควิปเม้นท์ (ประเทศไทย) จำกัด,50304020331,ค่ายาและเวชภัณฑ์ อวัยวะเทียม-จากเงินรายได้ฯ,49000, ,ค่าอวัยวะเทียมจำนวน 2 รายการ 1C213-01/2563 #5194,
,,,,,,,20101010101,    เจ้าหนี้ค่าสินค้าและบริการ, ,49000,,
,,,5/8/2020,ซื้อ/จ้าง : D03631130865,03DH635195,401518บริษัทพีเอสอี เมดิคอล จำกัด,20101010101,    เจ้าหนี้ค่าสินค้าและบริการ, ,155792,ค่าอวัยวะเทียมจำนวน 6 รายการ 3C145-03/2563 #5195,
,,,,,,,50304020331,ค่ายาและเวชภัณฑ์ อวัยวะเทียม-จากเงินรายได้ฯ,155792, ,,
,,,5/8/2020,ซื้อ/จ้าง : D03631130868,03DH635196,401022บริษัทโกลบอล เมดิเคิล โซลูชั่น (ประเทศไทย) จำกัด,20101010101,    เจ้าหนี้ค่าสินค้าและบริการ, ,16000,ค่าเวชภัณฑ์ที่มิใช่ยาจำนวน 2 รายการ 3C83-09/2563#5196,
,,,,,,,50304020331,ค่ายาและเวชภัณฑ์ อวัยวะเทียม-จากเงินรายได้ฯ,16000, ,,
,,,5/8/2020,ซื้อ/จ้าง : D03631130869,03DH635197,401220บริษัท ไบโอฟาร์ม เคมิคัลส์ จำกัด,20101010101,    เจ้าหนี้ค่าสินค้าและบริการ, ,3081.6,ค่ายา 1 รายการ ตามใบแจ้งหนี้เลขที่ 110952046,
,,,,,,,50304020331,ค่ายาและเวชภัณฑ์ อวัยวะเทียม-จากเงินรายได้ฯ,3081.6, ,,
,,,5/8/2020,ซื้อ/จ้าง : D0363120816,03DH635198,402371ห้างหุ้นส่วนจำกัดปุณณาฑี,20101010101,    เจ้าหนี้ค่าสินค้าและบริการ, ,179100,จ้างเหมาบริหารจัดการดูแลศูนย์อาหารและลานจอดรถ งวดที่ 10,
,,,,,,,50304020218,ค่าจ้างเหมาบริการ-จากเงินรายได้ฯ,179100, ,,
,,,5/8/2020,ซื้อ/จ้าง : D03631130870,03DH635199,401022บริษัทโกลบอล เมดิเคิล โซลูชั่น (ประเทศไทย) จำกัด,20101010101,    เจ้าหนี้ค่าสินค้าและบริการ, ,115110,ค่าเวชภัณฑ์ที่มิใช่ยาจำนวน 11 รายการ 3C84-09/2563 #5199,
,,,,,,,50304020331,ค่ายาและเวชภัณฑ์ อวัยวะเทียม-จากเงินรายได้ฯ,115110, ,,
,,,5/8/2020,ซื้อ/จ้าง : D03631130872,03DH635200,402283บริษัทวินเทค 24 จำกัด,20101010101,    เจ้าหนี้ค่าสินค้าและบริการ, ,18000,ค่าอวัยวะเทียมจำนวน1 รายการ 3C243-04/2563 #5200,
,,,,,,,50304020331,ค่ายาและเวชภัณฑ์ อวัยวะเทียม-จากเงินรายได้ฯ,18000, ,,
,,,,,,,,,,,,txtTitle
,,,,,,,,,,,,ระบบบัญชี
,,ประเภท 03DH : ตรวจรับ (รายได้),,,,,,,,,,
,,,,,,,,,,,,
,,,5/8/2020,ซื้อ/จ้าง : D03631130873,03DH635201,401763ร้านอู่เปี๊ยกยนต์,20101010101,    เจ้าหนี้ค่าสินค้าและบริการ, ,3852,จัดซื้อแบตเตอรี่ จำนวน 1 ลูก,
,,,,,,,50304020304,ค่าวัสดุยานพาหนะ-จากเงินรายได้ฯ,3852, ,,
,,,5/8/2020,ซื้อ/จ้าง : D03631130874,03DH635203,402078บริษัท บีเจเอช เมดิคอล จำกัด,20101010101,    เจ้าหนี้ค่าสินค้าและบริการ, ,30000,ค่าอวัยวะเทียมจำนวน1 รายการ 1C178-02/2563 #5203,
,,,,,,,50304020331,ค่ายาและเวชภัณฑ์ อวัยวะเทียม-จากเงินรายได้ฯ,30000, ,,
,,,5/8/2020,ซื้อ/จ้าง : D03631130875,03DH635205,401367บริษัทสินสุขพลาสติก จำกัด,20101010101,    เจ้าหนี้ค่าสินค้าและบริการ, ,498500,จัดซื้อวัสดุงานบ้านงานครัว จำนวน 6 รายการ,
,,,,,,,50304020307,ค่าวัสดุงานบ้านงานครัว-จากเงินรายได้ฯ,498500, ,,
,,,5/8/2020,ซื้อ/จ้าง : D0363120817,03DH635206,402237บริษัทเอ๊กซ์เรย์คอมพิวเตอร์อุรุพงษ์ จำกัด,50304020218,ค่าจ้างเหมาบริการ-จากเงินรายได้ฯ,3048675.02, ,จ้างเหมาบริการตรวจวินิจฉัยด้วยเครื่องเอกซเรย์คอมพิวเตอร์ งวดที่ 10 (มิย.63),
,,,,,,,20101010101,    เจ้าหนี้ค่าสินค้าและบริการ, ,3048675.02,,
,,,5/8/2020,ซื้อ/จ้าง : D0363120819,03DH635208,401327ห้างหุ้นส่วนจำกัดว.ชุติวัฒน์,50304020314,ค่าเครื่องแต่งกาย-จากเงินรายได้ฯ,466500, ,จ้างเหมาตัดเย็บชุดปฏิบัติงานในห้องผ่าตัด,
,,,,,,,20101010101,    เจ้าหนี้ค่าสินค้าและบริการ, ,466500,,
,,,5/8/2020,ซื้อ/จ้าง : D03631130877,03DH635209,401361บริษัทสยามฟาร์มาซูติคอล จำกัด,20101010101,    เจ้าหนี้ค่าสินค้าและบริการ, ,1161618.75,ค่ายา 10 รายการ งวดที่ 14 ตามใบแจ้งหนี้เลขที่ 1200711310,
,,,,,,,50304020331,ค่ายาและเวชภัณฑ์ อวัยวะเทียม-จากเงินรายได้ฯ,1161618.75, ,,
,,,5/8/2020,ซื้อ/จ้าง : D03631130878,03DH635210,401214บริษัทเบอร์ลินฟาร์มาซูติคอลอินดัสตรี้ จำกัด,20101010101,    เจ้าหนี้ค่าสินค้าและบริการ, ,1464000,ค่ายา 2 รายการ งวดที่ 4 ตามใบแจ้งหนี้เลขที่ 631045410 / 631053290 / 631035803,
,,,,,,,50304020331,ค่ายาและเวชภัณฑ์ อวัยวะเทียม-จากเงินรายได้ฯ,1464000, ,,
,,,6/8/2020,ซื้อ/จ้าง : D0363120820,03DH635211,402237บริษัทเอ๊กซ์เรย์คอมพิวเตอร์อุรุพงษ์ จำกัด,50304020218,ค่าจ้างเหมาบริการ-จากเงินรายได้ฯ,1705979.6, ,จ้างเหมาบริการตรวจวินิจฉัย MRI งวดที่ 12 (มิย.63),
,,,,,,,20101010101,    เจ้าหนี้ค่าสินค้าและบริการ, ,1705979.6,,
,,,6/8/2020,ซื้อ/จ้าง : D03631130885,03DH635212,401022บริษัทโกลบอล เมดิเคิล โซลูชั่น (ประเทศไทย) จำกัด,20101010101,    เจ้าหนี้ค่าสินค้าและบริการ, ,162640,จัดซื้อแผ่นรังสีมาตรฐาน CO-57 จำนวน 1 ชิ้น,
,,,,,,,50304020309,ค่าวัสดุวิทยาศาสตร์ทางการแพทย์-จากเงินรายได้ฯ,162640, ,,
,,,6/8/2020,ซื้อ/จ้าง : D03631130887,03DH635213,401448บริษัทเอสพีเอส เมดิคอล จำกัด,20101010101,    เจ้าหนี้ค่าสินค้าและบริการ, ,328000,ค่ายา งวดที่ 4 ตามใบแจ้งหนี้ เลขที่ SI13/2002834,
,,,,,,,50304020331,ค่ายาและเวชภัณฑ์ อวัยวะเทียม-จากเงินรายได้ฯ,328000, ,,
,,,6/8/2020,ซื้อ/จ้าง : D03631130888,03DH635214,401839บริษัทคอสม่า เทรดดิ้ง จำกัด,20101010101,    เจ้าหนี้ค่าสินค้าและบริการ, ,804640,ค่ายา งวดที่ 4 ตามใบแจ้งหนี้ เลขที่ 310807400049,
,,,,,,,50304020331,ค่ายาและเวชภัณฑ์ อวัยวะเทียม-จากเงินรายได้ฯ,804640, ,,
,,,6/8/2020,ซื้อ/จ้าง : D03631130890,03DH635215,401168บริษัท ซิลลิค ฟาร์มา จำกัด,50304020331,ค่ายาและเวชภัณฑ์ อวัยวะเทียม-จากเงินรายได้ฯ,81600, ,ค่ายา งวดที่ 5 ตามใบแจ้งหนี้ เลขที่ 1165919461,
,,,,,,,20101010101,    เจ้าหนี้ค่าสินค้าและบริการ, ,81600,,
,,,6/8/2020,ซื้อ/จ้าง : D0363120821,03DH635217,401327ห้างหุ้นส่วนจำกัดว.ชุติวัฒน์,50304020307,ค่าวัสดุงานบ้านงานครัว-จากเงินรายได้ฯ,2056810, ,จ้างเหมาตัดเย็บผ้าเจาะกลางพร้อมพิมพ์ตัวอักษรลงบนผ้า,
,,,,,,,20101010101,    เจ้าหนี้ค่าสินค้าและบริการ, ,2056810,,
,,,6/8/2020,ซื้อ/จ้าง : D03631130747,03DH635218,402136บริษัทเกท์ทิงเก (ไทยแลนด์) จำกัด,20101010101,    เจ้าหนี้ค่าสินค้าและบริการ, ,22200,จัดซื้ออุปกรณ์เครื่องช่วยหายใจ จำนวน 1 รายการ,
,,,,,,,50304020309,ค่าวัสดุวิทยาศาสตร์ทางการแพทย์-จากเงินรายได้ฯ,22200, ,,
,,,,,,,,,,,,txtTitle
,,,,,,,,,,,,ระบบบัญชี
,,ประเภท 03DH : ตรวจรับ (รายได้),,,,,,,,,,
,,,,,,,,,,,,
,,,6/8/2020,ซื้อ/จ้าง : D03631130893,03DH635219,402998บริษัทไฮจินิค โซลูชั่น จำกัด จำกัด,20101010101,    เจ้าหนี้ค่าสินค้าและบริการ, ,210000,จ้างออกแบบห้องผ่าตัดและระบบควบคุมอากาศปลอดเชื้อชั้น 5 อาคารเพชรรัตน์ งวดที่ 4 (งวดสุดท้าย),
,,,,,,,50304020218,ค่าจ้างเหมาบริการ-จากเงินรายได้ฯ,210000, ,,
,,,6/8/2020,ซื้อ/จ้าง : D03631130895,03DH635220,401723บริษัทเอ็นเค เมดิคอล จำกัด,50304020309,ค่าวัสดุวิทยาศาสตร์ทางการแพทย์-จากเงินรายได้ฯ,390895, ,จัดซื้อวัสดุทางการแพทย์ จำนวน 12 รายการ,
,,,,,,,20101010101,    เจ้าหนี้ค่าสินค้าและบริการ, ,390895,,
,,,6/8/2020,ซื้อ/จ้าง : D03631130896,03DH635221,401214บริษัทเบอร์ลินฟาร์มาซูติคอลอินดัสตรี้ จำกัด,20101010101,    เจ้าหนี้ค่าสินค้าและบริการ, ,336000,ค่ายา 1 รายการ งวดที่ 5 ตามใบแจ้งหนี้เลขที่ 631077284,
,,,,,,,50304020331,ค่ายาและเวชภัณฑ์ อวัยวะเทียม-จากเงินรายได้ฯ,336000, ,,
,,,6/8/2020,ซื้อ/จ้าง : D0363130052,03DH635222,401977นางสาวณิชกานต์ จินตกานนท์,20101010101,    เจ้าหนี้ค่าสินค้าและบริการ, ,576000,เบิกจ่ายค่าเช่าอาคารเอกชน (หอพักณิชกานต์) จำนวน 72 ห้อง ประจำเดือน กรกฎาคม 2563,
,,,,,,,50304020231,ค่าเช่าหอพัก-จากเงินรายได้ฯ,576000, ,,
,,,7/8/2020,ซื้อ/จ้าง : D03631130897,03DH635223,401344บริษัทวี.แอนด์.วี. กรุงเทพฯ จำกัด,20101010101,    เจ้าหนี้ค่าสินค้าและบริการ, ,60000,สัญญาเลขที่ พวช.ภ.0349/63-65 งวดที่ 7 ตามใบแจ้งหนี้เลขที่ 8100250790,
,,,,,,,50304020331,ค่ายาและเวชภัณฑ์ อวัยวะเทียม-จากเงินรายได้ฯ,60000, ,,
,,,7/8/2020,ซื้อ/จ้าง : D03631130898,03DH635224,401288บริษัทเมดิทอป จำกัด,50304020331,ค่ายาและเวชภัณฑ์ อวัยวะเทียม-จากเงินรายได้ฯ,90000, ,ค่าอวัยวะเทียมจำนวน1 รายการ 3C64-03/2563 #5224,
,,,,,,,20101010101,    เจ้าหนี้ค่าสินค้าและบริการ, ,90000,,
,,,7/8/2020,ซื้อ/จ้าง : D03631130892,03DH635225,402555บริษัทอัลคอน แลบอราทอรีส์(ประเทศไทย) จำกัด,50304020309,ค่าวัสดุวิทยาศาสตร์ทางการแพทย์-จากเงินรายได้ฯ,72100, ,ซื้ออะไหล่เครื่องยิงเลเซอร์สำหรับรักษาโรคจอประสาทตาชนิดยิงครั้งละจุด จำนวน 2 รายการ,
,,,,,,,20101010101,    เจ้าหนี้ค่าสินค้าและบริการ, ,72100,,
,,,7/8/2020,ซื้อ/จ้าง : D03631130899,03DH635226,402383บริษัท วิลแฮล์ม ฟาร์มาซูติคอล จำกัด,20101010101,    เจ้าหนี้ค่าสินค้าและบริการ, ,6101,ค่าอวัยวะเทียม จำนวน 1 รายการ 3C108-04/2563 #5226,
,,,,,,,50304020331,ค่ายาและเวชภัณฑ์ อวัยวะเทียม-จากเงินรายได้ฯ,6101, ,,
,,,7/8/2020,ซื้อ/จ้าง : D03631130900,03DH635227,401268บริษัทเฟรซีเนียส เมดิคอล แคร์ จำกัด,20101010101,    เจ้าหนี้ค่าสินค้าและบริการ, ,30000,ค่าอวัยวะเทียม จำนวน 1 รายการ 3C65-05/2563 #5227,
,,,,,,,50304020331,ค่ายาและเวชภัณฑ์ อวัยวะเทียม-จากเงินรายได้ฯ,30000, ,,
,,,7/8/2020,ซื้อ/จ้าง : D03631130901,03DH635228,401268บริษัทเฟรซีเนียส เมดิคอล แคร์ จำกัด,50304020331,ค่ายาและเวชภัณฑ์ อวัยวะเทียม-จากเงินรายได้ฯ,91200, ,ค่าอวัยวะเทียม จำนวน 1 รายการ 3C67-06/2563 #5228,
,,,,,,,20101010101,    เจ้าหนี้ค่าสินค้าและบริการ, ,91200,,
,,,7/8/2020,ซื้อ/จ้าง : D03631130902,03DH635229,402383บริษัท วิลแฮล์ม ฟาร์มาซูติคอล จำกัด,20101010101,    เจ้าหนี้ค่าสินค้าและบริการ, ,1591801,ค่าอวัยวะเทียม จำนวน 7 รายการ 3C108-03/2563 #5229,
,,,,,,,50304020331,ค่ายาและเวชภัณฑ์ อวัยวะเทียม-จากเงินรายได้ฯ,1591801, ,,
,,,7/8/2020,ซื้อ/จ้าง : D0363120822,03DH635230,401225ห้างหุ้นส่วนจำกัดประพัฒน์กิจ,20101010101,    เจ้าหนี้ค่าสินค้าและบริการ, ,40938.2,จ้างเหมาซ่อมแซมห้องผ่าตัด ชั้น 3 อาคารสูติกรรม,
,,,,,,,50304020233,ค่าซ่อมแซมอาคารสถานที่-จากเงินรายได้,40938.2, ,,
,,,7/8/2020,ซื้อ/จ้าง : D03631130903,03DH635231,401406บริษัทอินเตอร์ เมดิคอล จำกัด,20101010101,    เจ้าหนี้ค่าสินค้าและบริการ, ,897300,ค่าอวัยวะเทียม จำนวน 12 รายการ 3C252-02/2563 #5231,
,,,,,,,50304020331,ค่ายาและเวชภัณฑ์ อวัยวะเทียม-จากเงินรายได้ฯ,897300, ,,
,,,7/8/2020,ซื้อ/จ้าง : D03631130905,03DH635232,401168บริษัท ซิลลิค ฟาร์มา จำกัด,50304020331,ค่ายาและเวชภัณฑ์ อวัยวะเทียม-จากเงินรายได้ฯ,9992544.7, ,สัญญาเลขที่ พวช.ภ.0369/63-65 งวดที่ 1-4 ค่ายา ตามใบแจ้งหนี้ จำนวน 7 ฉบับ เลขที่ 1165817835 / 1165817734 / 1165821303 / 1165875843 / 1165807916 / 1165831740 / 1165845527,
,,,,,,,20101010101,    เจ้าหนี้ค่าสินค้าและบริการ, ,9992544.7,,
,,,,,,,,,,,,txtTitle
,,,,,,,,,,,,ระบบบัญชี
,,ประเภท 03DH : ตรวจรับ (รายได้),,,,,,,,,,
,,,,,,,,,"47,464,551.38","47,464,551.38",,
