i_rank_show,c_comment,c_expense_group_main,c_creditor,d_doc,f_inv,c_acc_code,c_acc_name,c_acc_code2,c_acc_name2
ที่,รายการ,ประเภทรายจ่าย,รายชื่อเจ้าหนี้,วันที่ตรวจรับ, จำนวนเงิน , รหัสบัญชีย่อยค่าใช้จ่ายเดบิต , ชื่อบัญชีย่อยค่าใช้จ่ายเดบิต , รหัสบัญชีย่อยค่าใช้จ่ายเครดิต , ชื่อบัญชีย่อยค่าใช้จ่ายเครดิต 
201,โครงการฯ คณะแพทยศาสตร์ฯ พวช.ภ.0365/63-65,โครงการต่อเนื่อง,บริษัท ดีเคเอสเอช (ประเทศไทย) จำกัด,2020-08-18," 350,692.50 ",50301020321,ค่ายาและเวชภัณฑ์ อวัยวะเทียม,20101010101,เจ้าหนี้ค่าสินค้าและบริการ
202,โครงการฯ คณะแพทยศาสตร์ฯ พวช.ภ.0365/63-65,โครงการต่อเนื่อง,บริษัท ดีเคเอสเอช (ประเทศไทย) จำกัด,2020-08-24," 259,705.60 ",50301020321,ค่ายาและเวชภัณฑ์ อวัยวะเทียม,20101010101,เจ้าหนี้ค่าสินค้าและบริการ
203,โครงการฯ คณะแพทยศาสตร์ฯ พวช.ภ.0365/63-65,โครงการต่อเนื่อง,บริษัท ดีเคเอสเอช (ประเทศไทย) จำกัด,2020-08-28," 104,902.80 ",50301020321,ค่ายาและเวชภัณฑ์ อวัยวะเทียม,20101010101,เจ้าหนี้ค่าสินค้าและบริการ
204,โครงการฯ คณะแพทยศาสตร์ฯ พวช.ภ.0365/63-65,โครงการต่อเนื่อง,บริษัท ดีเคเอสเอช (ประเทศไทย) จำกัด,2020-09-08," 17,828.34 ",50301020321,ค่ายาและเวชภัณฑ์ อวัยวะเทียม,20101010101,เจ้าหนี้ค่าสินค้าและบริการ
205,โครงการฯ คณะแพทยศาสตร์ฯ พวช.ภ.0365/63-65,โครงการต่อเนื่อง,บริษัท ดีเคเอสเอช (ประเทศไทย) จำกัด,2020-09-17," 1,733,536.24 ",50301020321,ค่ายาและเวชภัณฑ์ อวัยวะเทียม,20101010101,เจ้าหนี้ค่าสินค้าและบริการ
206,โครงการฯ คณะแพทยศาสตร์ฯ พวช.ภ.0366/63-65,โครงการต่อเนื่อง,บริษัท บี.เอ็ล.ฮั้ว จำกัด,2020-08-28," 198,042.00 ",50301020321,ค่ายาและเวชภัณฑ์ อวัยวะเทียม,20101010101,เจ้าหนี้ค่าสินค้าและบริการ
207,โครงการฯ คณะแพทยศาสตร์ฯ พวช.ภ.0366/63-65,โครงการต่อเนื่อง,บริษัท บี.เอ็ล.ฮั้ว จำกัด,2020-09-14," 893,542.00 ",50301020321,ค่ายาและเวชภัณฑ์ อวัยวะเทียม,20101010101,เจ้าหนี้ค่าสินค้าและบริการ
208,โครงการฯ คณะแพทยศาสตร์ฯ พวช.ภ.0367/63-65,โครงการต่อเนื่อง,บริษัท แปซิฟิค เฮลธ์แคร์ (ไทยแลนด์) จำกัด,2020-08-14," 642,000.00 ",50301020321,ค่ายาและเวชภัณฑ์ อวัยวะเทียม,20101010101,เจ้าหนี้ค่าสินค้าและบริการ
209,โครงการฯ คณะแพทยศาสตร์ฯ พวช.ภ.0367/63-65,โครงการต่อเนื่อง,บริษัท แปซิฟิค เฮลธ์แคร์ (ไทยแลนด์) จำกัด,2020-09-08," 735,090.00 ",50301020321,ค่ายาและเวชภัณฑ์ อวัยวะเทียม,20101010101,เจ้าหนี้ค่าสินค้าและบริการ
210,โครงการฯ คณะแพทยศาสตร์ฯ พวช.ภ.0367/63-65,โครงการต่อเนื่อง,บริษัท แปซิฟิค เฮลธ์แคร์ (ไทยแลนด์) จำกัด,2020-09-11," 828,180.00 ",50301020321,ค่ายาและเวชภัณฑ์ อวัยวะเทียม,20101010101,เจ้าหนี้ค่าสินค้าและบริการ
211,โครงการฯ คณะแพทยศาสตร์ฯ พวช.ภ.0368/63-65,โครงการต่อเนื่อง,บริษัท ซิลลิค ฟาร์มา จำกัด,2020-08-21," 114,597.00 ",50301020321,ค่ายาและเวชภัณฑ์ อวัยวะเทียม,20101010101,เจ้าหนี้ค่าสินค้าและบริการ
212,โครงการฯ คณะแพทยศาสตร์ฯ พวช.ภ.0368/63-65,โครงการต่อเนื่อง,บริษัท ซิลลิค ฟาร์มา จำกัด,2020-09-17," 1,555,780.00 ",50301020321,ค่ายาและเวชภัณฑ์ อวัยวะเทียม,20101010101,เจ้าหนี้ค่าสินค้าและบริการ
213,โครงการฯ คณะแพทยศาสตร์ฯ พวช.ภ.0369/63-65,โครงการต่อเนื่อง,บริษัท ซิลลิค ฟาร์มา จำกัด,2020-08-14," 786,578.40 ",50301020321,ค่ายาและเวชภัณฑ์ อวัยวะเทียม,20101010101,เจ้าหนี้ค่าสินค้าและบริการ
214,โครงการฯ คณะแพทยศาสตร์ฯ พวช.ภ.0369/63-65,โครงการต่อเนื่อง,บริษัท ซิลลิค ฟาร์มา จำกัด,2020-08-28," 156,894.10 ",50301020321,ค่ายาและเวชภัณฑ์ อวัยวะเทียม,20101010101,เจ้าหนี้ค่าสินค้าและบริการ
215,โครงการฯ คณะแพทยศาสตร์ฯ พวช.ภ.0369/63-65,โครงการต่อเนื่อง,บริษัท ซิลลิค ฟาร์มา จำกัด,2020-09-09," 216,696.40 ",50301020321,ค่ายาและเวชภัณฑ์ อวัยวะเทียม,20101010101,เจ้าหนี้ค่าสินค้าและบริการ
216,โครงการฯ คณะแพทยศาสตร์ฯ พวช.ภ.0370/63-65,โครงการต่อเนื่อง,บริษัท ดีเคเอสเอช (ประเทศไทย) จำกัด,2020-08-18," 1,053,859.20 ",50301020321,ค่ายาและเวชภัณฑ์ อวัยวะเทียม,20101010101,เจ้าหนี้ค่าสินค้าและบริการ
217,โครงการฯ คณะแพทยศาสตร์ฯ พวช.ภ.0370/63-65,โครงการต่อเนื่อง,บริษัท ดีเคเอสเอช (ประเทศไทย) จำกัด,2020-08-21," 7,115.60 ",50301020321,ค่ายาและเวชภัณฑ์ อวัยวะเทียม,20101010101,เจ้าหนี้ค่าสินค้าและบริการ
218,โครงการฯ คณะแพทยศาสตร์ฯ พวช.ภ.0370/63-65,โครงการต่อเนื่อง,บริษัท ดีเคเอสเอช (ประเทศไทย) จำกัด,2020-08-26," 169,145.40 ",50301020321,ค่ายาและเวชภัณฑ์ อวัยวะเทียม,20101010101,เจ้าหนี้ค่าสินค้าและบริการ
219,โครงการฯ คณะแพทยศาสตร์ฯ พวช.ภ.0370/63-65,โครงการต่อเนื่อง,บริษัท ดีเคเอสเอช (ประเทศไทย) จำกัด,2020-09-09," 864,334.20 ",50301020321,ค่ายาและเวชภัณฑ์ อวัยวะเทียม,20101010101,เจ้าหนี้ค่าสินค้าและบริการ
220,โครงการฯ คณะแพทยศาสตร์ฯ พวช.ภ.0370/63-65,โครงการต่อเนื่อง,บริษัท ดีเคเอสเอช (ประเทศไทย) จำกัด,2020-09-17," 1,387,843.90 ",50301020321,ค่ายาและเวชภัณฑ์ อวัยวะเทียม,20101010101,เจ้าหนี้ค่าสินค้าและบริการ
221,โครงการฯ คณะแพทยศาสตร์ฯ พวช.ภ.0371/63-65,โครงการต่อเนื่อง,บริษัท บี.เอ็ล.ฮั้ว จำกัด,2020-08-24," 537,889.00 ",50301020321,ค่ายาและเวชภัณฑ์ อวัยวะเทียม,20101010101,เจ้าหนี้ค่าสินค้าและบริการ
222,โครงการฯ คณะแพทยศาสตร์ฯ พวช.ภ.0371/63-65,โครงการต่อเนื่อง,บริษัท บี.เอ็ล.ฮั้ว จำกัด,2020-09-14," 537,889.00 ",50301020321,ค่ายาและเวชภัณฑ์ อวัยวะเทียม,20101010101,เจ้าหนี้ค่าสินค้าและบริการ
223,โครงการฯ คณะแพทยศาสตร์ฯ พวช.ภ.0372/63-65,โครงการต่อเนื่อง,บริษัท ซิลลิค ฟาร์มา จำกัด ,2020-08-13," 412,913.00 ",50301020321,ค่ายาและเวชภัณฑ์ อวัยวะเทียม,20101010101,เจ้าหนี้ค่าสินค้าและบริการ
224,โครงการฯ คณะแพทยศาสตร์ฯ พวช.ภ.0372/63-65,โครงการต่อเนื่อง,บริษัท ซิลลิค ฟาร์มา จำกัด ,2020-08-18," 657,472.20 ",50301020321,ค่ายาและเวชภัณฑ์ อวัยวะเทียม,20101010101,เจ้าหนี้ค่าสินค้าและบริการ
225,โครงการฯ คณะแพทยศาสตร์ฯ พวช.ภ.0372/63-65,โครงการต่อเนื่อง,บริษัท ซิลลิค ฟาร์มา จำกัด ,2020-09-01," 1,095,787.00 ",50301020321,ค่ายาและเวชภัณฑ์ อวัยวะเทียม,20101010101,เจ้าหนี้ค่าสินค้าและบริการ
226,โครงการฯ คณะแพทยศาสตร์ฯ พวช.ภ.0373/63-65,โครงการต่อเนื่อง,บริษัท แปซิฟิค เฮลธ์แคร์ (ไทยแลนด์) จำกัด,2020-08-20," 19,000.00 ",50301020321,ค่ายาและเวชภัณฑ์ อวัยวะเทียม,20101010101,เจ้าหนี้ค่าสินค้าและบริการ
227,โครงการฯ คณะแพทยศาสตร์ฯ พวช.ภ.0373/63-65,โครงการต่อเนื่อง,บริษัท แปซิฟิค เฮลธ์แคร์ (ไทยแลนด์) จำกัด,2020-09-11," 19,000.00 ",50301020321,ค่ายาและเวชภัณฑ์ อวัยวะเทียม,20101010101,เจ้าหนี้ค่าสินค้าและบริการ
228,โครงการฯ คณะแพทยศาสตร์ฯ พวช.ภ.0374/63-65,โครงการต่อเนื่อง,บริษัท ดีเคเอสเอช (ประเทศไทย) จำกัด ,2020-08-18," 28,890.00 ",50301020321,ค่ายาและเวชภัณฑ์ อวัยวะเทียม,20101010101,เจ้าหนี้ค่าสินค้าและบริการ
229,โครงการฯ คณะแพทยศาสตร์ฯ พวช.ภ.0374/63-65,โครงการต่อเนื่อง,บริษัท ดีเคเอสเอช (ประเทศไทย) จำกัด ,2020-09-14," 366,047.00 ",50301020321,ค่ายาและเวชภัณฑ์ อวัยวะเทียม,20101010101,เจ้าหนี้ค่าสินค้าและบริการ
230,ค่ายาและเวชภัณฑ์ อวัยวะเทียม,ค่าวัสดุ,บริษัทดีเคเอสเอช (ประเทศไทย) จำกัด,2020-08-24," 128,239.50 ",50301020321,ค่ายาและเวชภัณฑ์ อวัยวะเทียม,20101010101,เจ้าหนี้ค่าสินค้าและบริการ
231,ค่ายาและเวชภัณฑ์ อวัยวะเทียม,ค่าวัสดุ,บริษัทเมดไลน์ จำกัด,2020-08-25," 56,000.00 ",50301020321,ค่ายาและเวชภัณฑ์ อวัยวะเทียม,20101010101,เจ้าหนี้ค่าสินค้าและบริการ
232,ค่ายาและเวชภัณฑ์ อวัยวะเทียม,ค่าวัสดุ,บริษัทซิลลิค ฟาร์มา จำกัด,2020-08-20," 136,746.00 ",50301020321,ค่ายาและเวชภัณฑ์ อวัยวะเทียม,20101010101,เจ้าหนี้ค่าสินค้าและบริการ
233,ค่ายาและเวชภัณฑ์ อวัยวะเทียม,ค่าวัสดุ,บริษัทซิลลิค ฟาร์มา จำกัด,2020-08-31," 909,778.20 ",50301020321,ค่ายาและเวชภัณฑ์ อวัยวะเทียม,20101010101,เจ้าหนี้ค่าสินค้าและบริการ
234,ค่ายาและเวชภัณฑ์ อวัยวะเทียม,ค่าวัสดุ,บริษัทซิลลิค ฟาร์มา จำกัด,2020-09-18," 732,415.00 ",50301020321,ค่ายาและเวชภัณฑ์ อวัยวะเทียม,20101010101,เจ้าหนี้ค่าสินค้าและบริการ
235,ค่ายาและเวชภัณฑ์ อวัยวะเทียม,ค่าวัสดุ,บริษัทซิลลิค ฟาร์มา จำกัด,2020-09-17," 58,892.80 ",50301020321,ค่ายาและเวชภัณฑ์ อวัยวะเทียม,20101010101,เจ้าหนี้ค่าสินค้าและบริการ
236,ค่ายาและเวชภัณฑ์ อวัยวะเทียม,ค่าวัสดุ,บริษัทซิลลิค ฟาร์มา จำกัด,2020-09-22," 563,034.00 ",50301020321,ค่ายาและเวชภัณฑ์ อวัยวะเทียม,20101010101,เจ้าหนี้ค่าสินค้าและบริการ
237,ค่ายาและเวชภัณฑ์ อวัยวะเทียม,ค่าวัสดุ,บริษัทซิลลิค ฟาร์มา จำกัด,2020-09-11," 398,468.00 ",50301020321,ค่ายาและเวชภัณฑ์ อวัยวะเทียม,20101010101,เจ้าหนี้ค่าสินค้าและบริการ
238,ค่ายาและเวชภัณฑ์ อวัยวะเทียม,ค่าวัสดุ,บริษัทดีเคเอสเอช ,2020-08-31," 298,016.40 ",50301020321,ค่ายาและเวชภัณฑ์ อวัยวะเทียม,20101010101,เจ้าหนี้ค่าสินค้าและบริการ
239,ค่ายาและเวชภัณฑ์ อวัยวะเทียม,ค่าวัสดุ,บริษัทดีเคเอสเอช ,2020-09-29," 632,798.00 ",50301020321,ค่ายาและเวชภัณฑ์ อวัยวะเทียม,20101010101,เจ้าหนี้ค่าสินค้าและบริการ
240,ค่ายาและเวชภัณฑ์ อวัยวะเทียม,ค่าวัสดุ,องค์การเภสัชกรรม,2020-08-27," 160,192.00 ",50301020321,ค่ายาและเวชภัณฑ์ อวัยวะเทียม,20101010101,เจ้าหนี้ค่าสินค้าและบริการ
241,ค่ายาและเวชภัณฑ์ อวัยวะเทียม,ค่าวัสดุ,องค์การเภสัชกรรม,2020-09-02," 635,906.35 ",50301020321,ค่ายาและเวชภัณฑ์ อวัยวะเทียม,20101010101,เจ้าหนี้ค่าสินค้าและบริการ
242,ค่ายาและเวชภัณฑ์ อวัยวะเทียม,ค่าวัสดุ,องค์การเภสัชกรรม,2020-09-08," 203,780.00 ",50301020321,ค่ายาและเวชภัณฑ์ อวัยวะเทียม,20101010101,เจ้าหนี้ค่าสินค้าและบริการ
243,ค่ายาและเวชภัณฑ์ อวัยวะเทียม,ค่าวัสดุ,องค์การเภสัชกรรม,2020-09-11," 3,300.00 ",50301020321,ค่ายาและเวชภัณฑ์ อวัยวะเทียม,20101010101,เจ้าหนี้ค่าสินค้าและบริการ
244,ค่ายาและเวชภัณฑ์ อวัยวะเทียม,ค่าวัสดุ,องค์การเภสัชกรรม,2020-09-14," 46,000.00 ",50301020321,ค่ายาและเวชภัณฑ์ อวัยวะเทียม,20101010101,เจ้าหนี้ค่าสินค้าและบริการ
245,ค่ายาและเวชภัณฑ์ อวัยวะเทียม,ค่าวัสดุ,บริษัทเกร๊ทเตอร์มายบาซิน จำกัด,2020-08-20," 75,435.00 ",50301020321,ค่ายาและเวชภัณฑ์ อวัยวะเทียม,20101010101,เจ้าหนี้ค่าสินค้าและบริการ
246, ใบสั่งซื้อ 1C07-04/2563, ค่าวัสดุ, บริษัท ดีเคเอสเอช (ประเทศไทย) จำกัด,2020-09-16," 214,000.00 ",50301020321,ค่ายาและเวชภัณฑ์ อวัยวะเทียม,20101010101,เจ้าหนี้ค่าสินค้าและบริการ
247, ใบสั่งซื้อ 1C11-04/2563, ค่าวัสดุ, บริษัท เจ เอส วิชั่น จำกัด,2020-07-22," 6,711.04 ",50301020321,ค่ายาและเวชภัณฑ์ อวัยวะเทียม,20101010101,เจ้าหนี้ค่าสินค้าและบริการ
248, ใบสั่งซื้อ 1C49-06/2563, ค่าวัสดุ, บริษัท เมดดิก้า จำกัด,2020-06-15," 127,200.00 ",50301020321,ค่ายาและเวชภัณฑ์ อวัยวะเทียม,20101010101,เจ้าหนี้ค่าสินค้าและบริการ
249, ใบสั่งซื้อ 1C49-07/2563, ค่าวัสดุ, บริษัท เมดดิก้า จำกัด,2020-08-03," 186,030.00 ",50301020321,ค่ายาและเวชภัณฑ์ อวัยวะเทียม,20101010101,เจ้าหนี้ค่าสินค้าและบริการ
250, ใบสั่งซื้อ 1C94-04/2563, ค่าวัสดุ, บริษัท ดีเคเอสเอช (ประเทศไทย) จำกัด,2020-08-17," 642,000.00 ",50301020321,ค่ายาและเวชภัณฑ์ อวัยวะเทียม,20101010101,เจ้าหนี้ค่าสินค้าและบริการ
251, ใบสั่งซื้อ 1C133-02/2563, ค่าวัสดุ, บริษัท เทคโนเมดิคัล จำกัด (มหาชน),2020-07-24," 130,000.00 ",50301020321,ค่ายาและเวชภัณฑ์ อวัยวะเทียม,20101010101,เจ้าหนี้ค่าสินค้าและบริการ
252, ใบสั่งซื้อ 1C133-03/2563, ค่าวัสดุ, บริษัท เทคโนเมดิคัล จำกัด (มหาชน),2020-09-05," 130,000.00 ",50301020321,ค่ายาและเวชภัณฑ์ อวัยวะเทียม,20101010101,เจ้าหนี้ค่าสินค้าและบริการ
253, ใบสั่งซื้อ 1C133-04/2563, ค่าวัสดุ, บริษัท เทคโนเมดิคัล จำกัด (มหาชน),2020-09-26," 123,500.00 ",50301020321,ค่ายาและเวชภัณฑ์ อวัยวะเทียม,20101010101,เจ้าหนี้ค่าสินค้าและบริการ
254, ใบสั่งซื้อ 1C41-02/2563, ค่าวัสดุ, บริษัท บอสตัน ไซเอนทิฟิค (ประเทศไทย) จำกัด,2020-09-21," 14,999.26 ",50301020321,ค่ายาและเวชภัณฑ์ อวัยวะเทียม,20101010101,เจ้าหนี้ค่าสินค้าและบริการ
255, ใบสั่งซื้อ 1C46-06/2563, ค่าวัสดุ, บริษัท เอฟ.ซี.พี. จำกัด,2020-08-26," 33,000.00 ",50301020321,ค่ายาและเวชภัณฑ์ อวัยวะเทียม,20101010101,เจ้าหนี้ค่าสินค้าและบริการ
256, ใบสั่งซื้อ 1C46-07/2563, ค่าวัสดุ, บริษัท เอฟ.ซี.พี. จำกัด,2020-09-18," 17,220.00 ",50301020321,ค่ายาและเวชภัณฑ์ อวัยวะเทียม,20101010101,เจ้าหนี้ค่าสินค้าและบริการ
257, ใบสั่งซื้อ 1C47-02/2563, ค่าวัสดุ, บริษัท สหแพทย์เภสัช จำกัด,2020-09-21," 34,000.00 ",50301020321,ค่ายาและเวชภัณฑ์ อวัยวะเทียม,20101010101,เจ้าหนี้ค่าสินค้าและบริการ
258, ใบสั่งซื้อ 1C92-02/2563, ค่าวัสดุ, บริษัท บอสตัน ไซเอนทิฟิค (ประเทศไทย) จำกัด,2020-09-30," 64,735.00 ",50301020321,ค่ายาและเวชภัณฑ์ อวัยวะเทียม,20101010101,เจ้าหนี้ค่าสินค้าและบริการ
259, ใบสั่งซื้อ 1C152-01/2563, ค่าวัสดุ, บริษัท โอลิมปัส (ประเทศไทย) จำกัด,2020-08-10," 64,730.00 ",50301020321,ค่ายาและเวชภัณฑ์ อวัยวะเทียม,20101010101,เจ้าหนี้ค่าสินค้าและบริการ
260, ใบสั่งซื้อ 1C152-02/2563, ค่าวัสดุ, บริษัท โอลิมปัส (ประเทศไทย) จำกัด,2020-09-25," 30,460.00 ",50301020321,ค่ายาและเวชภัณฑ์ อวัยวะเทียม,20101010101,เจ้าหนี้ค่าสินค้าและบริการ
261, ใบสั่งซื้อ 1C18-05/2563, ค่าวัสดุ, บริษัท ไทย เมด-เทค จำกัด,2020-08-28," 174,900.00 ",50301020321,ค่ายาและเวชภัณฑ์ อวัยวะเทียม,20101010101,เจ้าหนี้ค่าสินค้าและบริการ
262, ใบสั่งซื้อ 1C29-09/2563, ค่าวัสดุ, บริษัท แอ๊บบอต ลาบอแรตอรีส จำกัด,2020-08-17," 373,750.00 ",50301020321,ค่ายาและเวชภัณฑ์ อวัยวะเทียม,20101010101,เจ้าหนี้ค่าสินค้าและบริการ
263, ใบสั่งซื้อ 1C29-10/2563, ค่าวัสดุ, บริษัท แอ๊บบอต ลาบอแรตอรีส จำกัด,2020-09-08," 431,250.00 ",50301020321,ค่ายาและเวชภัณฑ์ อวัยวะเทียม,20101010101,เจ้าหนี้ค่าสินค้าและบริการ
264, ใบสั่งซื้อ 1C33-04/2563, ค่าวัสดุ, บริษัท ไทย เมด-เทค จำกัด,2020-08-28," 140,000.00 ",50301020321,ค่ายาและเวชภัณฑ์ อวัยวะเทียม,20101010101,เจ้าหนี้ค่าสินค้าและบริการ
265, ใบสั่งซื้อ 1C34-03/2563, ค่าวัสดุ, บริษัท ไทย เมด-เทค จำกัด,2020-08-28," 92,000.00 ",50301020321,ค่ายาและเวชภัณฑ์ อวัยวะเทียม,20101010101,เจ้าหนี้ค่าสินค้าและบริการ
266, ใบสั่งซื้อ 1C39-04/2563, ค่าวัสดุ, บริษัท ฟาโวริกา จำกัด,2020-08-18," 60,000.00 ",50301020321,ค่ายาและเวชภัณฑ์ อวัยวะเทียม,20101010101,เจ้าหนี้ค่าสินค้าและบริการ
267, ใบสั่งซื้อ 1C40-03/2563, ค่าวัสดุ, บริษัท ซิลลิค ฟาร์มา จำกัด,2020-08-18," 232,000.00 ",50301020321,ค่ายาและเวชภัณฑ์ อวัยวะเทียม,20101010101,เจ้าหนี้ค่าสินค้าและบริการ
268, ใบสั่งซื้อ 1C40-04/2563, ค่าวัสดุ, บริษัท ซิลลิค ฟาร์มา จำกัด,2020-09-01," 29,000.00 ",50301020321,ค่ายาและเวชภัณฑ์ อวัยวะเทียม,20101010101,เจ้าหนี้ค่าสินค้าและบริการ
269, ใบสั่งซื้อ 1C76-03/2563, ค่าวัสดุ, บริษัท บอสตัน ไซเอนทิฟิค (ประเทศไทย) จำกัด,2020-08-17," 94,500.00 ",50301020321,ค่ายาและเวชภัณฑ์ อวัยวะเทียม,20101010101,เจ้าหนี้ค่าสินค้าและบริการ
270, ใบสั่งซื้อ 1C82-07/2563, ค่าวัสดุ, บริษัท กู๊ด เฮลธ์ ฟาร์มาซูติคอล จำกัด,2020-08-03," 464,000.00 ",50301020321,ค่ายาและเวชภัณฑ์ อวัยวะเทียม,20101010101,เจ้าหนี้ค่าสินค้าและบริการ
271, ใบสั่งซื้อ 1C82-08/2563, ค่าวัสดุ, บริษัท กู๊ด เฮลธ์ ฟาร์มาซูติคอล จำกัด,2020-08-31," 29,000.00 ",50301020321,ค่ายาและเวชภัณฑ์ อวัยวะเทียม,20101010101,เจ้าหนี้ค่าสินค้าและบริการ
272, ใบสั่งซื้อ 1C122-01/2563, ค่าวัสดุ, บริษัท บอสตัน ไซเอนทิฟิค (ประเทศไทย) จำกัด,2020-08-03," 42,800.00 ",50301020321,ค่ายาและเวชภัณฑ์ อวัยวะเทียม,20101010101,เจ้าหนี้ค่าสินค้าและบริการ
273, ใบสั่งซื้อ 1C199-01/2563, ค่าวัสดุ, บริษัท จอห์นสัน แอนด์ จอห์นสัน (ไทย) จำกัด,2020-07-20," 54,450.00 ",50301020321,ค่ายาและเวชภัณฑ์ อวัยวะเทียม,20101010101,เจ้าหนี้ค่าสินค้าและบริการ
274, ใบสั่งซื้อ 1C70-03/2563, ค่าวัสดุ, บริษัท เรียลเมด จำกัด,2020-08-28," 149,140.00 ",50301020321,ค่ายาและเวชภัณฑ์ อวัยวะเทียม,20101010101,เจ้าหนี้ค่าสินค้าและบริการ
275, ใบสั่งซื้อ 1C102-01/2563, ค่าวัสดุ, บริษัท ไอวีเอฟ เอนวายเมด จำกัด,2020-06-22," 166,920.00 ",50301020321,ค่ายาและเวชภัณฑ์ อวัยวะเทียม,20101010101,เจ้าหนี้ค่าสินค้าและบริการ
276, ใบสั่งซื้อ 1C106-04/2563, ค่าวัสดุ, บริษัท บางกอกยูนิเทรด จำกัด,2020-08-28," 169,050.00 ",50301020321,ค่ายาและเวชภัณฑ์ อวัยวะเทียม,20101010101,เจ้าหนี้ค่าสินค้าและบริการ
277, ใบสั่งซื้อ 1C143-06/2563, ค่าวัสดุ, บริษัท ทรานส์เมดิค (ประเทศไทย) จำกัด,2020-08-11," 85,750.00 ",50301020321,ค่ายาและเวชภัณฑ์ อวัยวะเทียม,20101010101,เจ้าหนี้ค่าสินค้าและบริการ
278, ใบสั่งซื้อ 1C162-03/2563, ค่าวัสดุ, บริษัท จอห์นสัน แอนด์ จอห์นสัน (ไทย) จำกัด,2020-08-11," 284,620.00 ",50301020321,ค่ายาและเวชภัณฑ์ อวัยวะเทียม,20101010101,เจ้าหนี้ค่าสินค้าและบริการ
279, ใบสั่งซื้อ 1C172-03/2563, ค่าวัสดุ, บริษัท รักไทย เทคโนโลยี จำกัด,2020-08-11," 270,000.00 ",50301020321,ค่ายาและเวชภัณฑ์ อวัยวะเทียม,20101010101,เจ้าหนี้ค่าสินค้าและบริการ
280, ใบสั่งซื้อ 1C228-03/2563, ค่าวัสดุ, บริษัท ซิลลิค ฟาร์มา จำกัด,2020-09-28," 58,871.40 ",50301020321,ค่ายาและเวชภัณฑ์ อวัยวะเทียม,20101010101,เจ้าหนี้ค่าสินค้าและบริการ
281, ใบสั่งซื้อ 1C103-03/2563, ค่าวัสดุ, บริษัท เกท์ทิงเก (ไทยแลนด์) จำกัด,2020-08-28," 20,800.00 ",50301020321,ค่ายาและเวชภัณฑ์ อวัยวะเทียม,20101010101,เจ้าหนี้ค่าสินค้าและบริการ
282, ใบสั่งซื้อ 1C282-03/2563, ค่าวัสดุ, บริษัท เอ็มพี เมดกรุ๊ป จำกัด,2020-09-03," 687,570.00 ",50301020321,ค่ายาและเวชภัณฑ์ อวัยวะเทียม,20101010101,เจ้าหนี้ค่าสินค้าและบริการ
283, ใบสั่งซื้อ 1C286-01/2563, ค่าวัสดุ, บริษัท อี ฟอร์ แอล เอม จำกัด (มหาชน),2020-07-17," 30,000.00 ",50301020321,ค่ายาและเวชภัณฑ์ อวัยวะเทียม,20101010101,เจ้าหนี้ค่าสินค้าและบริการ
284, ใบสั่งซื้อ 1C317-02/2563, ค่าวัสดุ, บริษัท โนว่า เฮลธ์แคร์ จำกัด,2020-07-31," 14,721.06 ",50301020321,ค่ายาและเวชภัณฑ์ อวัยวะเทียม,20101010101,เจ้าหนี้ค่าสินค้าและบริการ
285, ใบสั่งซื้อ 1C12-01/2563, ค่าวัสดุ, บริษัท ดีเคเอสเอช (ประเทศไทย) จำกัด,2020-09-07," 62,060.00 ",50301020321,ค่ายาและเวชภัณฑ์ อวัยวะเทียม,20101010101,เจ้าหนี้ค่าสินค้าและบริการ
286, ใบสั่งซื้อ 1C22-04/2563, ค่าวัสดุ, บริษัท ดีเคเอสเอช (ประเทศไทย) จำกัด,2020-09-14," 78,752.00 ",50301020321,ค่ายาและเวชภัณฑ์ อวัยวะเทียม,20101010101,เจ้าหนี้ค่าสินค้าและบริการ
287, ใบสั่งซื้อ 1C200-02, ค่าวัสดุ, บริษัท ดีเคเอสเอช (ประเทศไทย) จำกัด,2020-09-14," 11,700.00 ",50301020321,ค่ายาและเวชภัณฑ์ อวัยวะเทียม,20101010101,เจ้าหนี้ค่าสินค้าและบริการ
288, ใบสั่งซื้อ 1C02-01/2563, ค่าวัสดุ, บริษัท เฟรซีเนียส เมดิคอล แคร์ จำกัด,2020-08-04," 446,117.50 ",50301020321,ค่ายาและเวชภัณฑ์ อวัยวะเทียม,20101010101,เจ้าหนี้ค่าสินค้าและบริการ
289, ใบสั่งซื้อ 1C290-03/2563, ค่าวัสดุ, บริษัท บอสตัน ไซเอนทิฟิค (ประเทศไทย) จำกัด,2020-08-21," 263,500.00 ",50301020321,ค่ายาและเวชภัณฑ์ อวัยวะเทียม,20101010101,เจ้าหนี้ค่าสินค้าและบริการ
290, ใบสั่งซื้อ 1C255-02/2563, ค่าวัสดุ, บริษัท อินโนเมดดิ ดีไวเซส จำกัด,2020-07-23," 38,000.00 ",50301020321,ค่ายาและเวชภัณฑ์ อวัยวะเทียม,20101010101,เจ้าหนี้ค่าสินค้าและบริการ
291, ใบสั่งซื้อ 1C01-02/2563, ค่าวัสดุ, บริษัท ไตรวิวัฒน์ อินเตอร์เทรด จำกัด,2020-09-21," 75,600.00 ",50301020321,ค่ายาและเวชภัณฑ์ อวัยวะเทียม,20101010101,เจ้าหนี้ค่าสินค้าและบริการ
292, ใบสั่งซื้อ 1C100-06/2563, ค่าวัสดุ, บริษัท ดีเคเอสเอช (ประเทศไทย) จำกัด,2020-07-27," 75,000.00 ",50301020321,ค่ายาและเวชภัณฑ์ อวัยวะเทียม,20101010101,เจ้าหนี้ค่าสินค้าและบริการ
293, ใบสั่งซื้อ 1C191-01/2563, ค่าวัสดุ, บริษัท ดีเคเอสเอช (ประเทศไทย) จำกัด,2020-09-16," 35,310.00 ",50301020321,ค่ายาและเวชภัณฑ์ อวัยวะเทียม,20101010101,เจ้าหนี้ค่าสินค้าและบริการ
294, ใบสั่งซื้อ 1CR303-01/2563, ค่าวัสดุ, บริษัท ดีเคเอสเอช (ประเทศไทย) จำกัด,2020-08-04," 166,920.00 ",50301020321,ค่ายาและเวชภัณฑ์ อวัยวะเทียม,20101010101,เจ้าหนี้ค่าสินค้าและบริการ
295, ใบสั่งซื้อ 1C155-01/2563, ค่าวัสดุ, บริษัท ดับบลิวเอส เมดิกา จำกัด,2020-07-24," 149,850.00 ",50301020321,ค่ายาและเวชภัณฑ์ อวัยวะเทียม,20101010101,เจ้าหนี้ค่าสินค้าและบริการ
296, ใบสั่งซื้อ 1C212-02/2563, ค่าวัสดุ, บริษัท ฟินิกซ์ เซอร์จิคัล อิควิปเม้นท์ (ประเทศไทย) จำกัด,2020-08-06," 102,292.00 ",50301020321,ค่ายาและเวชภัณฑ์ อวัยวะเทียม,20101010101,เจ้าหนี้ค่าสินค้าและบริการ
297, ใบสั่งซื้อ 1C213-02/2563, ค่าวัสดุ, บริษัท ฟินิกซ์ เซอร์จิคัล อิควิปเม้นท์ (ประเทศไทย) จำกัด,2020-09-17," 98,000.00 ",50301020321,ค่ายาและเวชภัณฑ์ อวัยวะเทียม,20101010101,เจ้าหนี้ค่าสินค้าและบริการ
298, ใบสั่งซื้อ 1C214-01/2563, ค่าวัสดุ, บริษัท ฟินิกซ์ เซอร์จิคัล อิควิปเม้นท์ (ประเทศไทย) จำกัด,2020-08-07," 23,400.00 ",50301020321,ค่ายาและเวชภัณฑ์ อวัยวะเทียม,20101010101,เจ้าหนี้ค่าสินค้าและบริการ
299, ใบสั่งซื้อ 1C214-02/2563, ค่าวัสดุ, บริษัท ฟินิกซ์ เซอร์จิคัล อิควิปเม้นท์ (ประเทศไทย) จำกัด,2020-09-17," 23,400.00 ",50301020321,ค่ายาและเวชภัณฑ์ อวัยวะเทียม,20101010101,เจ้าหนี้ค่าสินค้าและบริการ
300,ใบสั่งซื้อ 0599/63, ค่าวัสดุ,บริษัท ยูนิตี้ เด็นตัล จำกัด,2020-07-30," 24,500.00 ",50301020321,ค่ายาและเวชภัณฑ์ อวัยวะเทียม,20101010101,เจ้าหนี้ค่าสินค้าและบริการ
